cell_id,circuit_id,topology_id,candidate_path_id,score,score_rank,runtime_median_s,runtime_raw_mad_s,runtime_min_s,runtime_max_s,is_greedy,is_profile_selected,is_fastest_measured,profile_selected_rank,spearman_score_runtime,flops,peak_intermediate_elements,total_intermediate_writes
edc_18q:1dpu_t8,edc_18q,1dpu_t8,cf23b184355b080f3bead1d9d754a3c2c295746793109413aedfff30da27b94e,-0.6894023865295758,1,1.2287924970005406,0.0012377830025798175,1.2275547139979608,1.2357477080004173,False,True,True,1,1.0,1058960.0,1024.0,2596.0
edc_18q:1dpu_t8,edc_18q,1dpu_t8,09eba679eeaacde57b3d14e532a34cfb89b93de888eb607ea84d8a211c4d2e29,-0.6723989999698097,2,1.2939282229999662,0.0013352969981497154,1.2706365829981223,1.295263519998116,False,False,False,1,1.0,1070432.0,1024.0,5464.0
edc_18q:1dpu_t8,edc_18q,1dpu_t8,8e7637420b811e01ff5b5f6a53cc2a05e9c066f7de21cf7a9b24566ed936594c,-0.6156360049252354,3,1.6168417129993031,0.0006728900007146876,1.6161688229985884,1.6251100310000766,False,False,False,1,1.0,1121576.0,16384.0,18250.0
edc_18q:1dpu_t8,edc_18q,1dpu_t8,e82337947450ef2121b8b01092f1af3f7c1db1bc7e831a0116fa010050257ae9,-0.5952237026914918,4,1.6916947789977712,0.0251490249975177,1.6665457540002535,1.7888831420023052,False,False,False,1,1.0,1125376.0,4096.0,19200.0
edc_18q:1dpu_t8,edc_18q,1dpu_t8,35308513a5e2881780ad0f4c9f36ff58b8f7e9e1ac95b1c3b567dbad46fa26bd,-0.5897092565732995,5,1.7616867100005038,0.011014809999323916,1.7499405020025733,1.7727015199998277,False,False,False,1,1.0,1130464.0,8192.0,20472.0
edc_18q:1dpu_t8,edc_18q,1dpu_t8,b0785992b23ca97113b8ab448921ffe2b5e832f50994281719e731d54a839f9a,0.0,6,5.963621458002308,0.05164769700058969,5.911973761001718,6.126297951999732,True,False,False,1,1.0,1748648.0,131072.0,175018.0
edc_18q:4dpu_t8,edc_18q,4dpu_t8,cf23b184355b080f3bead1d9d754a3c2c295746793109413aedfff30da27b94e,-0.689201032113907,1,0.9014161699997203,0.009847631001321133,0.8915685389983992,0.9333980020019226,False,True,True,1,0.8857142857142857,1058960.0,1024.0,2596.0
edc_18q:4dpu_t8,edc_18q,4dpu_t8,09eba679eeaacde57b3d14e532a34cfb89b93de888eb607ea84d8a211c4d2e29,-0.6722082223779269,2,0.9717428779986221,0.0019572450037230738,0.9360816670014174,0.9737001230023452,False,False,False,1,0.8857142857142857,1070432.0,1024.0,5464.0
edc_18q:4dpu_t8,edc_18q,4dpu_t8,eac9804cb5170ee98914be6544759ae4f7f6db14b31bb57fda7a9e7c5ef02951,-0.6635010281750595,3,0.9557162950004567,0.0050228960026288405,0.9506933989978279,1.1448381070003961,False,False,False,1,0.8857142857142857,1077872.0,2048.0,7324.0
edc_18q:4dpu_t8,edc_18q,4dpu_t8,8e7637420b811e01ff5b5f6a53cc2a05e9c066f7de21cf7a9b24566ed936594c,-0.6157716029794807,4,1.1615415079977538,0.0037380350004241336,1.1578034729973297,1.2160116129998642,False,False,False,1,0.8857142857142857,1121576.0,16384.0,18250.0
edc_18q:4dpu_t8,edc_18q,4dpu_t8,35308513a5e2881780ad0f4c9f36ff58b8f7e9e1ac95b1c3b567dbad46fa26bd,-0.5896510341815344,5,1.1268882820004364,0.000403564001317136,1.1264847179991193,1.1346322940007667,False,False,False,1,0.8857142857142857,1130464.0,8192.0,20472.0
edc_18q:4dpu_t8,edc_18q,4dpu_t8,b0785992b23ca97113b8ab448921ffe2b5e832f50994281719e731d54a839f9a,0.0,6,3.386135156000819,0.015772436003317125,3.3703627199975017,3.498511238001811,True,False,False,1,0.8857142857142857,1748648.0,131072.0,175018.0
ghz_chain_18q:1dpu_t8,ghz_chain_18q,1dpu_t8,9f9e62a16e205e4bd5eb1d1b8f62cade3177ef00fa9bd4dc15c899a41b00d3d0,-0.6891653988983584,1,1.213135013000283,0.006387663997884374,1.1868285390009987,1.2195226769981673,False,True,True,1,0.9428571428571428,1059160.0,1024.0,2646.0
ghz_chain_18q:1dpu_t8,ghz_chain_18q,1dpu_t8,8a53a83c45b1a831a0d3d09f8b5393cd82dbadedaf2a239bc0a4da1843a470a4,-0.6874579714717013,2,1.215697685998748,5.582998710451648e-06,1.2156921030000376,1.2219712989972322,False,False,False,1,0.9428571428571428,1061144.0,2048.0,3142.0
ghz_chain_18q:1dpu_t8,ghz_chain_18q,1dpu_t8,70e093aa7774e13885fc1dd7ad3acb7d0a2b9bea8a067289a654fbe18566a8c5,-0.6474799124341959,3,1.4186514250031905,4.984499537386e-05,1.4122032539999054,1.4187012699985644,False,False,False,1,0.9428571428571428,1092960.0,8192.0,11096.0
ghz_chain_18q:1dpu_t8,ghz_chain_18q,1dpu_t8,a0f7fec9778137270204333fdde142b735188034c201a7c229136e14b6f96692,-0.6434138225481677,4,1.3742485590009892,0.003914864999387646,1.3703336940016015,1.3884495759994024,False,False,False,1,0.9428571428571428,1090672.0,2048.0,10524.0
ghz_chain_18q:1dpu_t8,ghz_chain_18q,1dpu_t8,b7a92f1a28cbacfef1575a0b571b79cdc92dded09222a5581a765ab352fd9637,-0.4839021617374255,5,2.387360176002403,0.006603004003409296,2.3807571719989937,2.420293233000848,False,False,False,1,0.9428571428571428,1216608.0,16384.0,42008.0
ghz_chain_18q:1dpu_t8,ghz_chain_18q,1dpu_t8,0f1afe2ce698cbfcd1496d867ba787cb5cdd487ef3b05e9bb140d58eee826743,0.0,6,5.9233692469970265,0.004561906996968901,5.918807340000058,6.018620187001943,True,False,False,1,0.9428571428571428,1748632.0,131072.0,175014.0
ghz_chain_18q:4dpu_t8,ghz_chain_18q,4dpu_t8,9f9e62a16e205e4bd5eb1d1b8f62cade3177ef00fa9bd4dc15c899a41b00d3d0,-0.6889648675532345,1,0.8961054019964649,0.002513862003979739,0.8713725269990391,0.8986192640004447,False,True,True,1,0.9428571428571428,1059160.0,1024.0,2646.0
ghz_chain_18q:4dpu_t8,ghz_chain_18q,4dpu_t8,8a53a83c45b1a831a0d3d09f8b5393cd82dbadedaf2a239bc0a4da1843a470a4,-0.6872578650384288,2,0.9088692170007562,0.004436314000486163,0.90443290300027,1.0733952230002615,False,False,False,1,0.9428571428571428,1061144.0,2048.0,3142.0
ghz_chain_18q:4dpu_t8,ghz_chain_18q,4dpu_t8,70e093aa7774e13885fc1dd7ad3acb7d0a2b9bea8a067289a654fbe18566a8c5,-0.6474639253458431,3,1.0240648760009208,0.0006344860012177378,1.0170737250009552,1.0246993620021385,False,False,False,1,0.9428571428571428,1092960.0,8192.0,11096.0
ghz_chain_18q:4dpu_t8,ghz_chain_18q,4dpu_t8,a0f7fec9778137270204333fdde142b735188034c201a7c229136e14b6f96692,-0.643256598180351,4,0.9600939199990535,0.002210733000538312,0.9578831869985152,0.9663363110012142,False,False,False,1,0.9428571428571428,1090672.0,2048.0,10524.0
ghz_chain_18q:4dpu_t8,ghz_chain_18q,4dpu_t8,b7a92f1a28cbacfef1575a0b571b79cdc92dded09222a5581a765ab352fd9637,-0.48390784087686706,5,1.687631587999931,0.023051287997077452,1.4357604020005965,1.7106828759970085,False,False,False,1,0.9428571428571428,1216608.0,16384.0,42008.0
ghz_chain_18q:4dpu_t8,ghz_chain_18q,4dpu_t8,0f1afe2ce698cbfcd1496d867ba787cb5cdd487ef3b05e9bb140d58eee826743,0.0,6,3.3269136039998557,0.015159654001763556,3.311753949998092,3.361672469000041,True,False,False,1,0.9428571428571428,1748632.0,131072.0,175014.0
hs_18q_d1:1dpu_t8,hs_18q_d1,1dpu_t8,bf83ea123bc85b30f3c7f1f8a0de47c8366352fc37c099890eab75c8cba62cb8,0.0,1,1.3739745780003432,0.0049369959997420665,1.369037582000601,1.580407125002239,True,True,True,1,-0.08571428571428572,527824.0,1024.0,1588.0
hs_18q_d1:1dpu_t8,hs_18q_d1,1dpu_t8,0f172b4535a71fb59dd5d4f406df828c33333cda1113d1c71db08b5d0e989d1e,1.0673305523858326e-07,2,1.406310622998717,0.004735405003884807,1.376440181000362,1.4110460280026018,False,False,False,1,-0.08571428571428572,527824.0,1024.0,1588.0
hs_18q_d1:1dpu_t8,hs_18q_d1,1dpu_t8,93535be1f45b148a1b3d81d74e0185ffb0339853e6877aa2080426e1339bf13c,0.00047247929577870463,3,1.3981899440004781,0.0023745569997117855,1.3794898460000695,1.40056450100019,False,False,False,1,-0.08571428571428572,528104.0,1024.0,1658.0
hs_18q_d1:1dpu_t8,hs_18q_d1,1dpu_t8,e03d5d65a6118ee597f1200afdcd941cdf4e83d0e1447b7b3a199207a7853314,0.0009189625506792607,4,1.3817241379983898,0.008787258000666043,1.3729368799977237,1.3916976010004873,False,False,False,1,-0.08571428571428572,528368.0,1024.0,1724.0
hs_18q_d1:1dpu_t8,hs_18q_d1,1dpu_t8,e69f53f17fabdfaba58d664f1e370a4216829bde473cd84608353c345fb2b4fa,0.0016074276074609297,5,1.3922218170009728,0.0025154920003842562,1.3897063250005885,1.4027703179999662,False,False,False,1,-0.08571428571428572,528752.0,1024.0,1820.0
hs_18q_d1:1dpu_t8,hs_18q_d1,1dpu_t8,002f633fd11c9c8ac95008a9452a63ccea24651ab38167fe6e6b762d00c2806d,0.0022800803340981544,6,1.380989856999804,0.00925788300082786,1.3605116580001777,1.390247740000632,False,False,False,1,-0.08571428571428572,529136.0,1024.0,1916.0
hs_18q_d1:4dpu_t8,hs_18q_d1,4dpu_t8,0f172b4535a71fb59dd5d4f406df828c33333cda1113d1c71db08b5d0e989d1e,-1.1179637622399523e-07,1,1.1543600510012766,0.003906258003553376,1.1504537929977232,1.4038816510001197,False,True,True,1,0.4857142857142857,527824.0,1024.0,1588.0
hs_18q_d1:4dpu_t8,hs_18q_d1,4dpu_t8,bf83ea123bc85b30f3c7f1f8a0de47c8366352fc37c099890eab75c8cba62cb8,0.0,2,1.173196793999523,0.025585711999156047,1.1476110820003669,1.202664991000347,True,False,False,1,0.4857142857142857,527824.0,1024.0,1588.0
hs_18q_d1:4dpu_t8,hs_18q_d1,4dpu_t8,93535be1f45b148a1b3d81d74e0185ffb0339853e6877aa2080426e1339bf13c,0.0004722607663472421,3,1.1599696840021352,0.011909642002137844,1.1480600419999973,1.1828422670005239,False,False,False,1,0.4857142857142857,528104.0,1024.0,1658.0
hs_18q_d1:4dpu_t8,hs_18q_d1,4dpu_t8,e03d5d65a6118ee597f1200afdcd941cdf4e83d0e1447b7b3a199207a7853314,0.0009187440212477982,4,1.1655435230022704,0.015309688005800126,1.1502338349964703,1.1905673410001327,False,False,False,1,0.4857142857142857,528368.0,1024.0,1724.0
hs_18q_d1:4dpu_t8,hs_18q_d1,4dpu_t8,e69f53f17fabdfaba58d664f1e370a4216829bde473cd84608353c345fb2b4fa,0.001607209078029467,5,1.1555404089995136,0.0028233169978193473,1.1527170920016943,1.1836153930016735,False,False,False,1,0.4857142857142857,528752.0,1024.0,1820.0
hs_18q_d1:4dpu_t8,hs_18q_d1,4dpu_t8,002f633fd11c9c8ac95008a9452a63ccea24651ab38167fe6e6b762d00c2806d,0.002279861804666692,6,1.2026846330008993,0.03750676200070302,1.1651778710001963,1.417155699000432,False,False,False,1,0.4857142857142857,529136.0,1024.0,1916.0
quantization_stress_18q_l2:1dpu_t8,quantization_stress_18q_l2,1dpu_t8,e56fd025e7fdf900c75302bb6e7212f78d89deef09b236732a001e9f5c5001c1,-0.3743858131840895,1,4.7709353620011825,0.005446737995953299,4.7606445380006335,4.776382099997136,False,True,False,2,0.9428571428571428,2147552.0,2048.0,6736.0
quantization_stress_18q_l2:1dpu_t8,quantization_stress_18q_l2,1dpu_t8,9d1e1ae9a325d84cef97b0fd9beffa9d4b3d783f00a4e38f6fce3a17114d3abb,-0.37431679640273474,2,4.766350835001504,0.0048535719979554415,4.639659866999864,4.771204406999459,False,False,True,2,0.9428571428571428,2146480.0,2048.0,6820.0
quantization_stress_18q_l2:1dpu_t8,quantization_stress_18q_l2,1dpu_t8,348d3fb5c4d401742575f7e9ce41a5ff1fb8415c2010311fb6b13a9bb52d2de8,-0.36613728042147275,3,4.837390945998777,0.023424266997608356,4.813966679001169,4.876735563000693,False,False,False,2,0.9428571428571428,2156512.0,2048.0,8536.0
quantization_stress_18q_l2:1dpu_t8,quantization_stress_18q_l2,1dpu_t8,e7f2ad3aef247ff4d7f2b7374966596ab24e96aa1fabd13234cbaebecab85d65,-0.3104815193496802,4,5.078146703002858,0.020741084998007864,4.95245751299808,5.098887788000866,False,False,False,2,0.9428571428571428,2256640.0,16384.0,21088.0
quantization_stress_18q_l2:1dpu_t8,quantization_stress_18q_l2,1dpu_t8,2eb807e063945083b04ae8fe3a72afca4e2a2b97d37dc739805c462caa388747,-0.004155016637210981,5,5.871426721998432,0.029786643000988988,5.691847891001089,5.901213364999421,False,False,False,2,0.9428571428571428,4320568.0,8192.0,14390.0
quantization_stress_18q_l2:1dpu_t8,quantization_stress_18q_l2,1dpu_t8,b9ba7e7f9f7faa942ecf55bc10c6f9a9488b0e3dcf87233bed822bea2416c816,0.0,6,6.71471425299751,0.006922258995473385,6.7077919940020365,6.8321122439992905,True,False,False,2,0.9428571428571428,2806088.0,65536.0,89402.0
quantization_stress_18q_l2:4dpu_t8,quantization_stress_18q_l2,4dpu_t8,e56fd025e7fdf900c75302bb6e7212f78d89deef09b236732a001e9f5c5001c1,-0.37423012444070064,1,3.338684768998064,0.013377145998674678,3.3253076229993894,3.3849498279996624,False,True,True,1,0.9428571428571428,2147552.0,2048.0,6736.0
quantization_stress_18q_l2:4dpu_t8,quantization_stress_18q_l2,4dpu_t8,9d1e1ae9a325d84cef97b0fd9beffa9d4b3d783f00a4e38f6fce3a17114d3abb,-0.3741611076593459,2,3.351342089001264,0.009856371001660591,3.3414857179996034,3.3921620979999716,False,False,False,1,0.9428571428571428,2146480.0,2048.0,6820.0
quantization_stress_18q_l2:4dpu_t8,quantization_stress_18q_l2,4dpu_t8,348d3fb5c4d401742575f7e9ce41a5ff1fb8415c2010311fb6b13a9bb52d2de8,-0.3659815916780839,3,4.1453565529991465,0.0700235000003886,3.5548073499994643,4.215380052999535,False,False,False,1,0.9428571428571428,2156512.0,2048.0,8536.0
quantization_stress_18q_l2:4dpu_t8,quantization_stress_18q_l2,4dpu_t8,e7f2ad3aef247ff4d7f2b7374966596ab24e96aa1fabd13234cbaebecab85d65,-0.31038422763972423,4,3.6524390509985096,0.0689348810010415,3.506519021000713,3.721373931999551,False,False,False,1,0.9428571428571428,2256640.0,16384.0,21088.0
quantization_stress_18q_l2:4dpu_t8,quantization_stress_18q_l2,4dpu_t8,2eb807e063945083b04ae8fe3a72afca4e2a2b97d37dc739805c462caa388747,-0.0039993278938221,5,4.311550335998618,0.14685231800103793,3.779984869001055,4.458402653999656,False,False,False,1,0.9428571428571428,4320568.0,8192.0,14390.0
quantization_stress_18q_l2:4dpu_t8,quantization_stress_18q_l2,4dpu_t8,b9ba7e7f9f7faa942ecf55bc10c6f9a9488b0e3dcf87233bed822bea2416c816,0.0,6,4.341384074999951,0.008260608999989927,4.333123465999961,4.407832139000675,True,False,False,1,0.9428571428571428,2806088.0,65536.0,89402.0
