row_kind,scope,representation,feature,left_feature,right_feature,variance_population,distinct_count,pair_tie_fraction,pair_count,pearson,spearman
feature,all_feasible_candidates,raw,B_host_dpu,,,1381115666737.3057,152,0.011382180156657963,73536,,
feature,all_feasible_candidates,raw,B_mram_wram,,,1570195681345.3264,157,0.01043026544821584,73536,,
feature,all_feasible_candidates,raw,I_dpu,,,1425626597591.4932,151,0.011545365535248042,73536,,
feature,all_feasible_candidates,raw,N_sync,,,9541224.595675997,121,0.0632615317667537,73536,,
feature,all_feasible_candidates,raw,E_num,,,0.0,1,1.0,73536,,
feature,all_feasible_candidates,raw,P_wram,,,0.0,1,1.0,73536,,
pair,all_feasible_candidates,raw,,B_host_dpu,B_mram_wram,,,,73536,0.9972166429409259,0.9947654623251901
pair,all_feasible_candidates,raw,,B_host_dpu,I_dpu,,,,73536,0.4764149857688843,0.9469001048075913
pair,all_feasible_candidates,raw,,B_host_dpu,N_sync,,,,73536,0.567964138616465,0.23280011585656754
pair,all_feasible_candidates,raw,,B_host_dpu,E_num,,,,73536,,
pair,all_feasible_candidates,raw,,B_host_dpu,P_wram,,,,73536,,
pair,all_feasible_candidates,raw,,B_mram_wram,I_dpu,,,,73536,0.5175859056137992,0.9503153298558044
pair,all_feasible_candidates,raw,,B_mram_wram,N_sync,,,,73536,0.5627869205772996,0.2705246084109408
pair,all_feasible_candidates,raw,,B_mram_wram,E_num,,,,73536,,
pair,all_feasible_candidates,raw,,B_mram_wram,P_wram,,,,73536,,
pair,all_feasible_candidates,raw,,I_dpu,N_sync,,,,73536,0.37803757059891374,0.31383039749016645
pair,all_feasible_candidates,raw,,I_dpu,E_num,,,,73536,,
pair,all_feasible_candidates,raw,,I_dpu,P_wram,,,,73536,,
pair,all_feasible_candidates,raw,,N_sync,E_num,,,,73536,,
pair,all_feasible_candidates,raw,,N_sync,P_wram,,,,73536,,
pair,all_feasible_candidates,raw,,E_num,P_wram,,,,73536,,
feature,all_feasible_candidates,normalized,B_host_dpu,,,0.14234258767695634,148,0.014754677980852915,73536,,
feature,all_feasible_candidates,normalized,B_mram_wram,,,0.14054211053017054,153,0.011137402088772846,73536,,
feature,all_feasible_candidates,normalized,I_dpu,,,0.055829620464216856,146,0.015081048738033072,73536,,
feature,all_feasible_candidates,normalized,N_sync,,,1.6934972005236943,113,0.07460291557876414,73536,,
feature,all_feasible_candidates,normalized,E_num,,,0.0,1,1.0,73536,,
feature,all_feasible_candidates,normalized,P_wram,,,0.0,1,1.0,73536,,
pair,all_feasible_candidates,normalized,,B_host_dpu,B_mram_wram,,,,73536,0.9993470229055796,0.9904306825129634
pair,all_feasible_candidates,normalized,,B_host_dpu,I_dpu,,,,73536,0.9777366279422733,0.9911540100384464
pair,all_feasible_candidates,normalized,,B_host_dpu,N_sync,,,,73536,0.9653217248678448,0.8498091421700698
pair,all_feasible_candidates,normalized,,B_host_dpu,E_num,,,,73536,,
pair,all_feasible_candidates,normalized,,B_host_dpu,P_wram,,,,73536,,
pair,all_feasible_candidates,normalized,,B_mram_wram,I_dpu,,,,73536,0.9812349121171108,0.9822010515132117
pair,all_feasible_candidates,normalized,,B_mram_wram,N_sync,,,,73536,0.966127482322137,0.8562893035116155
pair,all_feasible_candidates,normalized,,B_mram_wram,E_num,,,,73536,,
pair,all_feasible_candidates,normalized,,B_mram_wram,P_wram,,,,73536,,
pair,all_feasible_candidates,normalized,,I_dpu,N_sync,,,,73536,0.9486928132939414,0.8399643916584564
pair,all_feasible_candidates,normalized,,I_dpu,E_num,,,,73536,,
pair,all_feasible_candidates,normalized,,I_dpu,P_wram,,,,73536,,
pair,all_feasible_candidates,normalized,,N_sync,E_num,,,,73536,,
pair,all_feasible_candidates,normalized,,N_sync,P_wram,,,,73536,,
pair,all_feasible_candidates,normalized,,E_num,P_wram,,,,73536,,
feature,bv_18q:1dpu_t8,raw,B_host_dpu,,,2033897982.485207,19,0.043076923076923075,325,,
feature,bv_18q:1dpu_t8,raw,B_mram_wram,,,2052446803.3136094,18,0.052307692307692305,325,,
feature,bv_18q:1dpu_t8,raw,I_dpu,,,126648385.5147929,18,0.05846153846153846,325,,
feature,bv_18q:1dpu_t8,raw,N_sync,,,23021.443786982247,6,0.5876923076923077,325,,
feature,bv_18q:1dpu_t8,raw,E_num,,,0.0,1,1.0,325,,
feature,bv_18q:1dpu_t8,raw,P_wram,,,0.0,1,1.0,325,,
pair,bv_18q:1dpu_t8,raw,,B_host_dpu,B_mram_wram,,,,325,0.9997686385643718,0.9968938724565423
pair,bv_18q:1dpu_t8,raw,,B_host_dpu,I_dpu,,,,325,0.9999993496925592,0.9974104401934524
pair,bv_18q:1dpu_t8,raw,,B_host_dpu,N_sync,,,,325,0.9611425691038818,0.7358059945698742
pair,bv_18q:1dpu_t8,raw,,B_host_dpu,E_num,,,,325,,
pair,bv_18q:1dpu_t8,raw,,B_host_dpu,P_wram,,,,325,,
pair,bv_18q:1dpu_t8,raw,,B_mram_wram,I_dpu,,,,325,0.9997528945598446,0.9942908752598746
pair,bv_18q:1dpu_t8,raw,,B_mram_wram,N_sync,,,,325,0.9655548857959566,0.7365683563643173
pair,bv_18q:1dpu_t8,raw,,B_mram_wram,E_num,,,,325,,
pair,bv_18q:1dpu_t8,raw,,B_mram_wram,P_wram,,,,325,,
pair,bv_18q:1dpu_t8,raw,,I_dpu,N_sync,,,,325,0.960921889456959,0.7377163551919119
pair,bv_18q:1dpu_t8,raw,,I_dpu,E_num,,,,325,,
pair,bv_18q:1dpu_t8,raw,,I_dpu,P_wram,,,,325,,
pair,bv_18q:1dpu_t8,raw,,N_sync,E_num,,,,325,,
pair,bv_18q:1dpu_t8,raw,,N_sync,P_wram,,,,325,,
pair,bv_18q:1dpu_t8,raw,,E_num,P_wram,,,,325,,
feature,bv_18q:1dpu_t8,normalized,B_host_dpu,,,0.00010624050905233463,19,0.043076923076923075,325,,
feature,bv_18q:1dpu_t8,normalized,B_mram_wram,,,9.594607220761174e-05,18,0.052307692307692305,325,,
feature,bv_18q:1dpu_t8,normalized,I_dpu,,,0.00010694962574015016,18,0.05846153846153846,325,,
feature,bv_18q:1dpu_t8,normalized,N_sync,,,0.0037288109215976844,6,0.5876923076923077,325,,
feature,bv_18q:1dpu_t8,normalized,E_num,,,0.0,1,1.0,325,,
feature,bv_18q:1dpu_t8,normalized,P_wram,,,0.0,1,1.0,325,,
pair,bv_18q:1dpu_t8,normalized,,B_host_dpu,B_mram_wram,,,,325,0.9997541625615753,0.9968938724565423
pair,bv_18q:1dpu_t8,normalized,,B_host_dpu,I_dpu,,,,325,0.9999993049090904,0.9974104401934524
pair,bv_18q:1dpu_t8,normalized,,B_host_dpu,N_sync,,,,325,0.9623453674441638,0.7358059945698742
pair,bv_18q:1dpu_t8,normalized,,B_host_dpu,E_num,,,,325,,
pair,bv_18q:1dpu_t8,normalized,,B_host_dpu,P_wram,,,,325,,
pair,bv_18q:1dpu_t8,normalized,,B_mram_wram,I_dpu,,,,325,0.9997372050512724,0.9942908752598746
pair,bv_18q:1dpu_t8,normalized,,B_mram_wram,N_sync,,,,325,0.9668534732846237,0.7365683563643173
pair,bv_18q:1dpu_t8,normalized,,B_mram_wram,E_num,,,,325,,
pair,bv_18q:1dpu_t8,normalized,,B_mram_wram,P_wram,,,,325,,
pair,bv_18q:1dpu_t8,normalized,,I_dpu,N_sync,,,,325,0.9621194909583873,0.7377163551919119
pair,bv_18q:1dpu_t8,normalized,,I_dpu,E_num,,,,325,,
pair,bv_18q:1dpu_t8,normalized,,I_dpu,P_wram,,,,325,,
pair,bv_18q:1dpu_t8,normalized,,N_sync,E_num,,,,325,,
pair,bv_18q:1dpu_t8,normalized,,N_sync,P_wram,,,,325,,
pair,bv_18q:1dpu_t8,normalized,,E_num,P_wram,,,,325,,
feature,bv_18q:4dpu_t8,raw,B_host_dpu,,,2033897982.485207,19,0.043076923076923075,325,,
feature,bv_18q:4dpu_t8,raw,B_mram_wram,,,2052446803.3136094,18,0.052307692307692305,325,,
feature,bv_18q:4dpu_t8,raw,I_dpu,,,126648385.5147929,18,0.05846153846153846,325,,
feature,bv_18q:4dpu_t8,raw,N_sync,,,20755.40828402367,6,0.5876923076923077,325,,
feature,bv_18q:4dpu_t8,raw,E_num,,,0.0,1,1.0,325,,
feature,bv_18q:4dpu_t8,raw,P_wram,,,0.0,1,1.0,325,,
pair,bv_18q:4dpu_t8,raw,,B_host_dpu,B_mram_wram,,,,325,0.9997686385643718,0.9968938724565423
pair,bv_18q:4dpu_t8,raw,,B_host_dpu,I_dpu,,,,325,0.9999993496925592,0.9974104401934524
pair,bv_18q:4dpu_t8,raw,,B_host_dpu,N_sync,,,,325,0.9621668210665841,0.7358059945698742
pair,bv_18q:4dpu_t8,raw,,B_host_dpu,E_num,,,,325,,
pair,bv_18q:4dpu_t8,raw,,B_host_dpu,P_wram,,,,325,,
pair,bv_18q:4dpu_t8,raw,,B_mram_wram,I_dpu,,,,325,0.9997528945598446,0.9942908752598746
pair,bv_18q:4dpu_t8,raw,,B_mram_wram,N_sync,,,,325,0.9665253615713528,0.7365683563643173
pair,bv_18q:4dpu_t8,raw,,B_mram_wram,E_num,,,,325,,
pair,bv_18q:4dpu_t8,raw,,B_mram_wram,P_wram,,,,325,,
pair,bv_18q:4dpu_t8,raw,,I_dpu,N_sync,,,,325,0.9619492487996764,0.7377163551919119
pair,bv_18q:4dpu_t8,raw,,I_dpu,E_num,,,,325,,
pair,bv_18q:4dpu_t8,raw,,I_dpu,P_wram,,,,325,,
pair,bv_18q:4dpu_t8,raw,,N_sync,E_num,,,,325,,
pair,bv_18q:4dpu_t8,raw,,N_sync,P_wram,,,,325,,
pair,bv_18q:4dpu_t8,raw,,E_num,P_wram,,,,325,,
feature,bv_18q:4dpu_t8,normalized,B_host_dpu,,,0.00010624050905233463,19,0.043076923076923075,325,,
feature,bv_18q:4dpu_t8,normalized,B_mram_wram,,,9.594607220761174e-05,18,0.052307692307692305,325,,
feature,bv_18q:4dpu_t8,normalized,I_dpu,,,0.00010694962574015016,18,0.05846153846153846,325,,
feature,bv_18q:4dpu_t8,normalized,N_sync,,,0.0034538954720290983,6,0.5876923076923077,325,,
feature,bv_18q:4dpu_t8,normalized,E_num,,,0.0,1,1.0,325,,
feature,bv_18q:4dpu_t8,normalized,P_wram,,,0.0,1,1.0,325,,
pair,bv_18q:4dpu_t8,normalized,,B_host_dpu,B_mram_wram,,,,325,0.9997541625615753,0.9968938724565423
pair,bv_18q:4dpu_t8,normalized,,B_host_dpu,I_dpu,,,,325,0.9999993049090904,0.9974104401934524
pair,bv_18q:4dpu_t8,normalized,,B_host_dpu,N_sync,,,,325,0.9633522926018201,0.7358059945698742
pair,bv_18q:4dpu_t8,normalized,,B_host_dpu,E_num,,,,325,,
pair,bv_18q:4dpu_t8,normalized,,B_host_dpu,P_wram,,,,325,,
pair,bv_18q:4dpu_t8,normalized,,B_mram_wram,I_dpu,,,,325,0.9997372050512724,0.9942908752598746
pair,bv_18q:4dpu_t8,normalized,,B_mram_wram,N_sync,,,,325,0.9678032797032987,0.7365683563643173
pair,bv_18q:4dpu_t8,normalized,,B_mram_wram,E_num,,,,325,,
pair,bv_18q:4dpu_t8,normalized,,B_mram_wram,P_wram,,,,325,,
pair,bv_18q:4dpu_t8,normalized,,I_dpu,N_sync,,,,325,0.9631297266408521,0.7377163551919119
pair,bv_18q:4dpu_t8,normalized,,I_dpu,E_num,,,,325,,
pair,bv_18q:4dpu_t8,normalized,,I_dpu,P_wram,,,,325,,
pair,bv_18q:4dpu_t8,normalized,,N_sync,E_num,,,,325,,
pair,bv_18q:4dpu_t8,normalized,,N_sync,P_wram,,,,325,,
pair,bv_18q:4dpu_t8,normalized,,E_num,P_wram,,,,325,,
feature,edc_16q:1dpu_t8,raw,B_host_dpu,,,499317679996.0,29,0.008064516129032258,496,,
feature,edc_16q:1dpu_t8,raw,B_mram_wram,,,495897881391.0,30,0.004032258064516129,496,,
feature,edc_16q:1dpu_t8,raw,I_dpu,,,30868920447.0,29,0.008064516129032258,496,,
feature,edc_16q:1dpu_t8,raw,N_sync,,,5172373.37109375,17,0.06653225806451613,496,,
feature,edc_16q:1dpu_t8,raw,E_num,,,0.0,1,1.0,496,,
feature,edc_16q:1dpu_t8,raw,P_wram,,,0.0,1,1.0,496,,
pair,edc_16q:1dpu_t8,raw,,B_host_dpu,B_mram_wram,,,,496,0.9993430371184955,0.9881706013547268
pair,edc_16q:1dpu_t8,raw,,B_host_dpu,I_dpu,,,,496,0.9999948715111684,1.0
pair,edc_16q:1dpu_t8,raw,,B_host_dpu,N_sync,,,,496,0.9368941043825724,0.9074110542769511
pair,edc_16q:1dpu_t8,raw,,B_host_dpu,E_num,,,,496,,
pair,edc_16q:1dpu_t8,raw,,B_host_dpu,P_wram,,,,496,,
pair,edc_16q:1dpu_t8,raw,,B_mram_wram,I_dpu,,,,496,0.9994106063426935,0.9881706013547268
pair,edc_16q:1dpu_t8,raw,,B_mram_wram,N_sync,,,,496,0.9432902701637726,0.9194253798818625
pair,edc_16q:1dpu_t8,raw,,B_mram_wram,E_num,,,,496,,
pair,edc_16q:1dpu_t8,raw,,B_mram_wram,P_wram,,,,496,,
pair,edc_16q:1dpu_t8,raw,,I_dpu,N_sync,,,,496,0.936925645736162,0.9074110542769511
pair,edc_16q:1dpu_t8,raw,,I_dpu,E_num,,,,496,,
pair,edc_16q:1dpu_t8,raw,,I_dpu,P_wram,,,,496,,
pair,edc_16q:1dpu_t8,raw,,N_sync,E_num,,,,496,,
pair,edc_16q:1dpu_t8,raw,,N_sync,P_wram,,,,496,,
pair,edc_16q:1dpu_t8,raw,,E_num,P_wram,,,,496,,
feature,edc_16q:1dpu_t8,normalized,B_host_dpu,,,0.11618263076437574,29,0.008064516129032258,496,,
feature,edc_16q:1dpu_t8,normalized,B_mram_wram,,,0.10994355670305182,30,0.004032258064516129,496,,
feature,edc_16q:1dpu_t8,normalized,I_dpu,,,0.04810429132159826,29,0.008064516129032258,496,,
feature,edc_16q:1dpu_t8,normalized,N_sync,,,0.4255403521664143,17,0.06653225806451613,496,,
feature,edc_16q:1dpu_t8,normalized,E_num,,,0.0,1,1.0,496,,
feature,edc_16q:1dpu_t8,normalized,P_wram,,,0.0,1,1.0,496,,
pair,edc_16q:1dpu_t8,normalized,,B_host_dpu,B_mram_wram,,,,496,0.9984200556559724,0.9881706013547268
pair,edc_16q:1dpu_t8,normalized,,B_host_dpu,I_dpu,,,,496,0.9984935618061516,1.0
pair,edc_16q:1dpu_t8,normalized,,B_host_dpu,N_sync,,,,496,0.9680561347778365,0.9074110542769511
pair,edc_16q:1dpu_t8,normalized,,B_host_dpu,E_num,,,,496,,
pair,edc_16q:1dpu_t8,normalized,,B_host_dpu,P_wram,,,,496,,
pair,edc_16q:1dpu_t8,normalized,,B_mram_wram,I_dpu,,,,496,0.9984040880816465,0.9881706013547268
pair,edc_16q:1dpu_t8,normalized,,B_mram_wram,N_sync,,,,496,0.9716361536952469,0.9194253798818625
pair,edc_16q:1dpu_t8,normalized,,B_mram_wram,E_num,,,,496,,
pair,edc_16q:1dpu_t8,normalized,,B_mram_wram,P_wram,,,,496,,
pair,edc_16q:1dpu_t8,normalized,,I_dpu,N_sync,,,,496,0.962003298738032,0.9074110542769511
pair,edc_16q:1dpu_t8,normalized,,I_dpu,E_num,,,,496,,
pair,edc_16q:1dpu_t8,normalized,,I_dpu,P_wram,,,,496,,
pair,edc_16q:1dpu_t8,normalized,,N_sync,E_num,,,,496,,
pair,edc_16q:1dpu_t8,normalized,,N_sync,P_wram,,,,496,,
pair,edc_16q:1dpu_t8,normalized,,E_num,P_wram,,,,496,,
feature,edc_16q:4dpu_t8,raw,B_host_dpu,,,808291468912.0,14,0.025,120,,
feature,edc_16q:4dpu_t8,raw,B_mram_wram,,,823207550064.0,16,0.0,120,,
feature,edc_16q:4dpu_t8,raw,I_dpu,,,50093303068.0,14,0.025,120,,
feature,edc_16q:4dpu_t8,raw,N_sync,,,7685127.74609375,12,0.041666666666666664,120,,
feature,edc_16q:4dpu_t8,raw,E_num,,,0.0,1,1.0,120,,
feature,edc_16q:4dpu_t8,raw,P_wram,,,0.0,1,1.0,120,,
pair,edc_16q:4dpu_t8,raw,,B_host_dpu,B_mram_wram,,,,120,0.9996581397256887,0.994104620159861
pair,edc_16q:4dpu_t8,raw,,B_host_dpu,I_dpu,,,,120,0.9999999291966994,1.0
pair,edc_16q:4dpu_t8,raw,,B_host_dpu,N_sync,,,,120,0.9147961620975262,0.9629640197141817
pair,edc_16q:4dpu_t8,raw,,B_host_dpu,E_num,,,,120,,
pair,edc_16q:4dpu_t8,raw,,B_host_dpu,P_wram,,,,120,,
pair,edc_16q:4dpu_t8,raw,,B_mram_wram,I_dpu,,,,120,0.9996602511127283,0.994104620159861
pair,edc_16q:4dpu_t8,raw,,B_mram_wram,N_sync,,,,120,0.9226127550400258,0.9689903114963444
pair,edc_16q:4dpu_t8,raw,,B_mram_wram,E_num,,,,120,,
pair,edc_16q:4dpu_t8,raw,,B_mram_wram,P_wram,,,,120,,
pair,edc_16q:4dpu_t8,raw,,I_dpu,N_sync,,,,120,0.9147865853805524,0.9629640197141817
pair,edc_16q:4dpu_t8,raw,,I_dpu,E_num,,,,120,,
pair,edc_16q:4dpu_t8,raw,,I_dpu,P_wram,,,,120,,
pair,edc_16q:4dpu_t8,raw,,N_sync,E_num,,,,120,,
pair,edc_16q:4dpu_t8,raw,,N_sync,P_wram,,,,120,,
pair,edc_16q:4dpu_t8,raw,,E_num,P_wram,,,,120,,
feature,edc_16q:4dpu_t8,normalized,B_host_dpu,,,0.17427250459865645,14,0.025,120,,
feature,edc_16q:4dpu_t8,normalized,B_mram_wram,,,0.17370461468891174,16,0.0,120,,
feature,edc_16q:4dpu_t8,normalized,I_dpu,,,0.07460143481472323,14,0.025,120,,
feature,edc_16q:4dpu_t8,normalized,N_sync,,,0.6314774391699085,12,0.041666666666666664,120,,
feature,edc_16q:4dpu_t8,normalized,E_num,,,0.0,1,1.0,120,,
feature,edc_16q:4dpu_t8,normalized,P_wram,,,0.0,1,1.0,120,,
pair,edc_16q:4dpu_t8,normalized,,B_host_dpu,B_mram_wram,,,,120,0.9994898733162554,0.994104620159861
pair,edc_16q:4dpu_t8,normalized,,B_host_dpu,I_dpu,,,,120,0.9987110312666732,1.0
pair,edc_16q:4dpu_t8,normalized,,B_host_dpu,N_sync,,,,120,0.9571681367005568,0.9629640197141817
pair,edc_16q:4dpu_t8,normalized,,B_host_dpu,E_num,,,,120,,
pair,edc_16q:4dpu_t8,normalized,,B_host_dpu,P_wram,,,,120,,
pair,edc_16q:4dpu_t8,normalized,,B_mram_wram,I_dpu,,,,120,0.9984343983629698,0.994104620159861
pair,edc_16q:4dpu_t8,normalized,,B_mram_wram,N_sync,,,,120,0.9616080643176338,0.9689903114963444
pair,edc_16q:4dpu_t8,normalized,,B_mram_wram,E_num,,,,120,,
pair,edc_16q:4dpu_t8,normalized,,B_mram_wram,P_wram,,,,120,,
pair,edc_16q:4dpu_t8,normalized,,I_dpu,N_sync,,,,120,0.9505663839548354,0.9629640197141817
pair,edc_16q:4dpu_t8,normalized,,I_dpu,E_num,,,,120,,
pair,edc_16q:4dpu_t8,normalized,,I_dpu,P_wram,,,,120,,
pair,edc_16q:4dpu_t8,normalized,,N_sync,E_num,,,,120,,
pair,edc_16q:4dpu_t8,normalized,,N_sync,P_wram,,,,120,,
pair,edc_16q:4dpu_t8,normalized,,E_num,P_wram,,,,120,,
feature,edc_18q:1dpu_t8,raw,B_host_dpu,,,997229780451.3865,27,0.007389162561576354,406,,
feature,edc_18q:1dpu_t8,raw,B_mram_wram,,,1059067802199.0582,28,0.0024630541871921183,406,,
feature,edc_18q:1dpu_t8,raw,I_dpu,,,61746461813.498215,27,0.007389162561576354,406,,
feature,edc_18q:1dpu_t8,raw,N_sync,,,26896373.274673007,15,0.08374384236453201,406,,
feature,edc_18q:1dpu_t8,raw,E_num,,,0.0,1,1.0,406,,
feature,edc_18q:1dpu_t8,raw,P_wram,,,0.0,1,1.0,406,,
pair,edc_18q:1dpu_t8,raw,,B_host_dpu,B_mram_wram,,,,406,0.998636803524235,0.984350036457217
pair,edc_18q:1dpu_t8,raw,,B_host_dpu,I_dpu,,,,406,0.999995604093827,1.0
pair,edc_18q:1dpu_t8,raw,,B_host_dpu,N_sync,,,,406,0.9967058598371712,0.9552712048549374
pair,edc_18q:1dpu_t8,raw,,B_host_dpu,E_num,,,,406,,
pair,edc_18q:1dpu_t8,raw,,B_host_dpu,P_wram,,,,406,,
pair,edc_18q:1dpu_t8,raw,,B_mram_wram,I_dpu,,,,406,0.9986925181661396,0.984350036457217
pair,edc_18q:1dpu_t8,raw,,B_mram_wram,N_sync,,,,406,0.9992270927625977,0.9427361392377781
pair,edc_18q:1dpu_t8,raw,,B_mram_wram,E_num,,,,406,,
pair,edc_18q:1dpu_t8,raw,,B_mram_wram,P_wram,,,,406,,
pair,edc_18q:1dpu_t8,raw,,I_dpu,N_sync,,,,406,0.9967560261596919,0.9552712048549374
pair,edc_18q:1dpu_t8,raw,,I_dpu,E_num,,,,406,,
pair,edc_18q:1dpu_t8,raw,,I_dpu,P_wram,,,,406,,
pair,edc_18q:1dpu_t8,raw,,N_sync,E_num,,,,406,,
pair,edc_18q:1dpu_t8,raw,,N_sync,P_wram,,,,406,,
pair,edc_18q:1dpu_t8,raw,,E_num,P_wram,,,,406,,
feature,edc_18q:1dpu_t8,normalized,B_host_dpu,,,0.022254245470022117,27,0.007389162561576354,406,,
feature,edc_18q:1dpu_t8,normalized,B_mram_wram,,,0.02159876285268187,28,0.0024630541871921183,406,,
feature,edc_18q:1dpu_t8,normalized,I_dpu,,,0.008167580890035022,27,0.007389162561576354,406,,
feature,edc_18q:1dpu_t8,normalized,N_sync,,,0.3449599865681001,15,0.08374384236453201,406,,
feature,edc_18q:1dpu_t8,normalized,E_num,,,0.0,1,1.0,406,,
feature,edc_18q:1dpu_t8,normalized,P_wram,,,0.0,1,1.0,406,,
pair,edc_18q:1dpu_t8,normalized,,B_host_dpu,B_mram_wram,,,,406,0.9970734713873848,0.984350036457217
pair,edc_18q:1dpu_t8,normalized,,B_host_dpu,I_dpu,,,,406,0.9994545699692837,1.0
pair,edc_18q:1dpu_t8,normalized,,B_host_dpu,N_sync,,,,406,0.9769442987437214,0.9552712048549374
pair,edc_18q:1dpu_t8,normalized,,B_host_dpu,E_num,,,,406,,
pair,edc_18q:1dpu_t8,normalized,,B_host_dpu,P_wram,,,,406,,
pair,edc_18q:1dpu_t8,normalized,,B_mram_wram,I_dpu,,,,406,0.9982312250149802,0.984350036457217
pair,edc_18q:1dpu_t8,normalized,,B_mram_wram,N_sync,,,,406,0.975254725567346,0.9427361392377781
pair,edc_18q:1dpu_t8,normalized,,B_mram_wram,E_num,,,,406,,
pair,edc_18q:1dpu_t8,normalized,,B_mram_wram,P_wram,,,,406,,
pair,edc_18q:1dpu_t8,normalized,,I_dpu,N_sync,,,,406,0.9718162405895139,0.9552712048549374
pair,edc_18q:1dpu_t8,normalized,,I_dpu,E_num,,,,406,,
pair,edc_18q:1dpu_t8,normalized,,I_dpu,P_wram,,,,406,,
pair,edc_18q:1dpu_t8,normalized,,N_sync,E_num,,,,406,,
pair,edc_18q:1dpu_t8,normalized,,N_sync,P_wram,,,,406,,
pair,edc_18q:1dpu_t8,normalized,,E_num,P_wram,,,,406,,
feature,edc_18q:4dpu_t8,raw,B_host_dpu,,,997229780451.3865,27,0.007389162561576354,406,,
feature,edc_18q:4dpu_t8,raw,B_mram_wram,,,1059067802199.0582,28,0.0024630541871921183,406,,
feature,edc_18q:4dpu_t8,raw,I_dpu,,,61746461813.498215,27,0.007389162561576354,406,,
feature,edc_18q:4dpu_t8,raw,N_sync,,,24592309.493460167,15,0.08374384236453201,406,,
feature,edc_18q:4dpu_t8,raw,E_num,,,0.0,1,1.0,406,,
feature,edc_18q:4dpu_t8,raw,P_wram,,,0.0,1,1.0,406,,
pair,edc_18q:4dpu_t8,raw,,B_host_dpu,B_mram_wram,,,,406,0.998636803524235,0.984350036457217
pair,edc_18q:4dpu_t8,raw,,B_host_dpu,I_dpu,,,,406,0.999995604093827,1.0
pair,edc_18q:4dpu_t8,raw,,B_host_dpu,N_sync,,,,406,0.9964214201207275,0.9393541631702939
pair,edc_18q:4dpu_t8,raw,,B_host_dpu,E_num,,,,406,,
pair,edc_18q:4dpu_t8,raw,,B_host_dpu,P_wram,,,,406,,
pair,edc_18q:4dpu_t8,raw,,B_mram_wram,I_dpu,,,,406,0.9986925181661396,0.984350036457217
pair,edc_18q:4dpu_t8,raw,,B_mram_wram,N_sync,,,,406,0.9991283899555574,0.9332888888973152
pair,edc_18q:4dpu_t8,raw,,B_mram_wram,E_num,,,,406,,
pair,edc_18q:4dpu_t8,raw,,B_mram_wram,P_wram,,,,406,,
pair,edc_18q:4dpu_t8,raw,,I_dpu,N_sync,,,,406,0.9964750054767169,0.9393541631702939
pair,edc_18q:4dpu_t8,raw,,I_dpu,E_num,,,,406,,
pair,edc_18q:4dpu_t8,raw,,I_dpu,P_wram,,,,406,,
pair,edc_18q:4dpu_t8,raw,,N_sync,E_num,,,,406,,
pair,edc_18q:4dpu_t8,raw,,N_sync,P_wram,,,,406,,
pair,edc_18q:4dpu_t8,raw,,E_num,P_wram,,,,406,,
feature,edc_18q:4dpu_t8,normalized,B_host_dpu,,,0.022254245470022117,27,0.007389162561576354,406,,
feature,edc_18q:4dpu_t8,normalized,B_mram_wram,,,0.02159876285268187,28,0.0024630541871921183,406,,
feature,edc_18q:4dpu_t8,normalized,I_dpu,,,0.008167580890035022,27,0.007389162561576354,406,,
feature,edc_18q:4dpu_t8,normalized,N_sync,,,0.3374063939153272,15,0.08374384236453201,406,,
feature,edc_18q:4dpu_t8,normalized,E_num,,,0.0,1,1.0,406,,
feature,edc_18q:4dpu_t8,normalized,P_wram,,,0.0,1,1.0,406,,
pair,edc_18q:4dpu_t8,normalized,,B_host_dpu,B_mram_wram,,,,406,0.9970734713873848,0.984350036457217
pair,edc_18q:4dpu_t8,normalized,,B_host_dpu,I_dpu,,,,406,0.9994545699692837,1.0
pair,edc_18q:4dpu_t8,normalized,,B_host_dpu,N_sync,,,,406,0.9770165313083454,0.9393541631702939
pair,edc_18q:4dpu_t8,normalized,,B_host_dpu,E_num,,,,406,,
pair,edc_18q:4dpu_t8,normalized,,B_host_dpu,P_wram,,,,406,,
pair,edc_18q:4dpu_t8,normalized,,B_mram_wram,I_dpu,,,,406,0.9982312250149802,0.984350036457217
pair,edc_18q:4dpu_t8,normalized,,B_mram_wram,N_sync,,,,406,0.9768507412433606,0.9332888888973152
pair,edc_18q:4dpu_t8,normalized,,B_mram_wram,E_num,,,,406,,
pair,edc_18q:4dpu_t8,normalized,,B_mram_wram,P_wram,,,,406,,
pair,edc_18q:4dpu_t8,normalized,,I_dpu,N_sync,,,,406,0.9724189112506,0.9393541631702939
pair,edc_18q:4dpu_t8,normalized,,I_dpu,E_num,,,,406,,
pair,edc_18q:4dpu_t8,normalized,,I_dpu,P_wram,,,,406,,
pair,edc_18q:4dpu_t8,normalized,,N_sync,E_num,,,,406,,
pair,edc_18q:4dpu_t8,normalized,,N_sync,P_wram,,,,406,,
pair,edc_18q:4dpu_t8,normalized,,E_num,P_wram,,,,406,,
feature,ghz_chain_18q:1dpu_t8,raw,B_host_dpu,,,1055305722591.3469,25,0.010582010582010581,378,,
feature,ghz_chain_18q:1dpu_t8,raw,B_mram_wram,,,1118659918047.347,26,0.005291005291005291,378,,
feature,ghz_chain_18q:1dpu_t8,raw,I_dpu,,,65328853419.10204,25,0.010582010582010581,378,,
feature,ghz_chain_18q:1dpu_t8,raw,N_sync,,,28336989.63265306,15,0.07407407407407407,378,,
feature,ghz_chain_18q:1dpu_t8,raw,E_num,,,0.0,1,1.0,378,,
feature,ghz_chain_18q:1dpu_t8,raw,P_wram,,,0.0,1,1.0,378,,
pair,ghz_chain_18q:1dpu_t8,raw,,B_host_dpu,B_mram_wram,,,,378,0.9991206343272977,0.9656212293061853
pair,ghz_chain_18q:1dpu_t8,raw,,B_host_dpu,I_dpu,,,,378,0.9999959900124079,0.9983557138942176
pair,ghz_chain_18q:1dpu_t8,raw,,B_host_dpu,N_sync,,,,378,0.9975769330338697,0.910790061574443
pair,ghz_chain_18q:1dpu_t8,raw,,B_host_dpu,E_num,,,,378,,
pair,ghz_chain_18q:1dpu_t8,raw,,B_host_dpu,P_wram,,,,378,,
pair,ghz_chain_18q:1dpu_t8,raw,,B_mram_wram,I_dpu,,,,378,0.9991788732456818,0.971647801517458
pair,ghz_chain_18q:1dpu_t8,raw,,B_mram_wram,N_sync,,,,378,0.9994544328502221,0.9233745680471778
pair,ghz_chain_18q:1dpu_t8,raw,,B_mram_wram,E_num,,,,378,,
pair,ghz_chain_18q:1dpu_t8,raw,,B_mram_wram,P_wram,,,,378,,
pair,ghz_chain_18q:1dpu_t8,raw,,I_dpu,N_sync,,,,378,0.9976528105620646,0.9069284441116804
pair,ghz_chain_18q:1dpu_t8,raw,,I_dpu,E_num,,,,378,,
pair,ghz_chain_18q:1dpu_t8,raw,,I_dpu,P_wram,,,,378,,
pair,ghz_chain_18q:1dpu_t8,raw,,N_sync,E_num,,,,378,,
pair,ghz_chain_18q:1dpu_t8,raw,,N_sync,P_wram,,,,378,,
pair,ghz_chain_18q:1dpu_t8,raw,,E_num,P_wram,,,,378,,
feature,ghz_chain_18q:1dpu_t8,normalized,B_host_dpu,,,0.023964899775094316,25,0.010582010582010581,378,,
feature,ghz_chain_18q:1dpu_t8,normalized,B_mram_wram,,,0.023218723474879823,26,0.005291005291005291,378,,
feature,ghz_chain_18q:1dpu_t8,normalized,I_dpu,,,0.008727946516682432,25,0.010582010582010581,378,,
feature,ghz_chain_18q:1dpu_t8,normalized,N_sync,,,0.3945189524101523,15,0.07407407407407407,378,,
feature,ghz_chain_18q:1dpu_t8,normalized,E_num,,,0.0,1,1.0,378,,
feature,ghz_chain_18q:1dpu_t8,normalized,P_wram,,,0.0,1,1.0,378,,
pair,ghz_chain_18q:1dpu_t8,normalized,,B_host_dpu,B_mram_wram,,,,378,0.9981104899500264,0.9656212293061853
pair,ghz_chain_18q:1dpu_t8,normalized,,B_host_dpu,I_dpu,,,,378,0.9993046131206205,0.9983557138942176
pair,ghz_chain_18q:1dpu_t8,normalized,,B_host_dpu,N_sync,,,,378,0.9771730267812564,0.910790061574443
pair,ghz_chain_18q:1dpu_t8,normalized,,B_host_dpu,E_num,,,,378,,
pair,ghz_chain_18q:1dpu_t8,normalized,,B_host_dpu,P_wram,,,,378,,
pair,ghz_chain_18q:1dpu_t8,normalized,,B_mram_wram,I_dpu,,,,378,0.9989642082507556,0.971647801517458
pair,ghz_chain_18q:1dpu_t8,normalized,,B_mram_wram,N_sync,,,,378,0.9740670970014614,0.9233745680471778
pair,ghz_chain_18q:1dpu_t8,normalized,,B_mram_wram,E_num,,,,378,,
pair,ghz_chain_18q:1dpu_t8,normalized,,B_mram_wram,P_wram,,,,378,,
pair,ghz_chain_18q:1dpu_t8,normalized,,I_dpu,N_sync,,,,378,0.9703579420524905,0.9069284441116804
pair,ghz_chain_18q:1dpu_t8,normalized,,I_dpu,E_num,,,,378,,
pair,ghz_chain_18q:1dpu_t8,normalized,,I_dpu,P_wram,,,,378,,
pair,ghz_chain_18q:1dpu_t8,normalized,,N_sync,E_num,,,,378,,
pair,ghz_chain_18q:1dpu_t8,normalized,,N_sync,P_wram,,,,378,,
pair,ghz_chain_18q:1dpu_t8,normalized,,E_num,P_wram,,,,378,,
feature,ghz_chain_18q:4dpu_t8,raw,B_host_dpu,,,1055305722591.3469,25,0.010582010582010581,378,,
feature,ghz_chain_18q:4dpu_t8,raw,B_mram_wram,,,1118659918047.347,26,0.005291005291005291,378,,
feature,ghz_chain_18q:4dpu_t8,raw,I_dpu,,,65328853419.10204,25,0.010582010582010581,378,,
feature,ghz_chain_18q:4dpu_t8,raw,N_sync,,,25901775.391581632,14,0.07671957671957672,378,,
feature,ghz_chain_18q:4dpu_t8,raw,E_num,,,0.0,1,1.0,378,,
feature,ghz_chain_18q:4dpu_t8,raw,P_wram,,,0.0,1,1.0,378,,
pair,ghz_chain_18q:4dpu_t8,raw,,B_host_dpu,B_mram_wram,,,,378,0.9991206343272977,0.9656212293061853
pair,ghz_chain_18q:4dpu_t8,raw,,B_host_dpu,I_dpu,,,,378,0.9999959900124079,0.9983557138942176
pair,ghz_chain_18q:4dpu_t8,raw,,B_host_dpu,N_sync,,,,378,0.9973697310606395,0.9103647800564922
pair,ghz_chain_18q:4dpu_t8,raw,,B_host_dpu,E_num,,,,378,,
pair,ghz_chain_18q:4dpu_t8,raw,,B_host_dpu,P_wram,,,,378,,
pair,ghz_chain_18q:4dpu_t8,raw,,B_mram_wram,I_dpu,,,,378,0.9991788732456818,0.971647801517458
pair,ghz_chain_18q:4dpu_t8,raw,,B_mram_wram,N_sync,,,,378,0.9993776203360027,0.9232270152174951
pair,ghz_chain_18q:4dpu_t8,raw,,B_mram_wram,E_num,,,,378,,
pair,ghz_chain_18q:4dpu_t8,raw,,B_mram_wram,P_wram,,,,378,,
pair,ghz_chain_18q:4dpu_t8,raw,,I_dpu,N_sync,,,,378,0.9974503229200254,0.9065026264441314
pair,ghz_chain_18q:4dpu_t8,raw,,I_dpu,E_num,,,,378,,
pair,ghz_chain_18q:4dpu_t8,raw,,I_dpu,P_wram,,,,378,,
pair,ghz_chain_18q:4dpu_t8,raw,,N_sync,E_num,,,,378,,
pair,ghz_chain_18q:4dpu_t8,raw,,N_sync,P_wram,,,,378,,
pair,ghz_chain_18q:4dpu_t8,raw,,E_num,P_wram,,,,378,,
feature,ghz_chain_18q:4dpu_t8,normalized,B_host_dpu,,,0.023964899775094316,25,0.010582010582010581,378,,
feature,ghz_chain_18q:4dpu_t8,normalized,B_mram_wram,,,0.023218723474879823,26,0.005291005291005291,378,,
feature,ghz_chain_18q:4dpu_t8,normalized,I_dpu,,,0.008727946516682432,25,0.010582010582010581,378,,
feature,ghz_chain_18q:4dpu_t8,normalized,N_sync,,,0.38652600686268923,14,0.07671957671957672,378,,
feature,ghz_chain_18q:4dpu_t8,normalized,E_num,,,0.0,1,1.0,378,,
feature,ghz_chain_18q:4dpu_t8,normalized,P_wram,,,0.0,1,1.0,378,,
pair,ghz_chain_18q:4dpu_t8,normalized,,B_host_dpu,B_mram_wram,,,,378,0.9981104899500264,0.9656212293061853
pair,ghz_chain_18q:4dpu_t8,normalized,,B_host_dpu,I_dpu,,,,378,0.9993046131206205,0.9983557138942176
pair,ghz_chain_18q:4dpu_t8,normalized,,B_host_dpu,N_sync,,,,378,0.9772012006220445,0.9103647800564922
pair,ghz_chain_18q:4dpu_t8,normalized,,B_host_dpu,E_num,,,,378,,
pair,ghz_chain_18q:4dpu_t8,normalized,,B_host_dpu,P_wram,,,,378,,
pair,ghz_chain_18q:4dpu_t8,normalized,,B_mram_wram,I_dpu,,,,378,0.9989642082507556,0.971647801517458
pair,ghz_chain_18q:4dpu_t8,normalized,,B_mram_wram,N_sync,,,,378,0.9751525947431331,0.9232270152174951
pair,ghz_chain_18q:4dpu_t8,normalized,,B_mram_wram,E_num,,,,378,,
pair,ghz_chain_18q:4dpu_t8,normalized,,B_mram_wram,P_wram,,,,378,,
pair,ghz_chain_18q:4dpu_t8,normalized,,I_dpu,N_sync,,,,378,0.9707926909214003,0.9065026264441314
pair,ghz_chain_18q:4dpu_t8,normalized,,I_dpu,E_num,,,,378,,
pair,ghz_chain_18q:4dpu_t8,normalized,,I_dpu,P_wram,,,,378,,
pair,ghz_chain_18q:4dpu_t8,normalized,,N_sync,E_num,,,,378,,
pair,ghz_chain_18q:4dpu_t8,normalized,,N_sync,P_wram,,,,378,,
pair,ghz_chain_18q:4dpu_t8,normalized,,E_num,P_wram,,,,378,,
feature,hs_18q_d1:1dpu_t8,raw,B_host_dpu,,,16912737.8556213,33,0.06538461538461539,2080,,
feature,hs_18q_d1:1dpu_t8,raw,B_mram_wram,,,10623590.642366864,36,0.05913461538461538,2080,,
feature,hs_18q_d1:1dpu_t8,raw,I_dpu,,,1057046.1159763313,33,0.06538461538461539,2080,,
feature,hs_18q_d1:1dpu_t8,raw,N_sync,,,0.9694674556213018,2,0.9692307692307692,2080,,
feature,hs_18q_d1:1dpu_t8,raw,E_num,,,0.0,1,1.0,2080,,
feature,hs_18q_d1:1dpu_t8,raw,P_wram,,,0.0,1,1.0,2080,,
pair,hs_18q_d1:1dpu_t8,raw,,B_host_dpu,B_mram_wram,,,,2080,0.9966613798525413,0.9970618618734816
pair,hs_18q_d1:1dpu_t8,raw,,B_host_dpu,I_dpu,,,,2080,1.0,1.0
pair,hs_18q_d1:1dpu_t8,raw,,B_host_dpu,N_sync,,,,2080,-0.221912020153993,-0.18093098872789404
pair,hs_18q_d1:1dpu_t8,raw,,B_host_dpu,E_num,,,,2080,,
pair,hs_18q_d1:1dpu_t8,raw,,B_host_dpu,P_wram,,,,2080,,
pair,hs_18q_d1:1dpu_t8,raw,,B_mram_wram,I_dpu,,,,2080,0.9966613798525413,0.9970618618734816
pair,hs_18q_d1:1dpu_t8,raw,,B_mram_wram,N_sync,,,,2080,-0.23056732789744394,-0.21429701606000434
pair,hs_18q_d1:1dpu_t8,raw,,B_mram_wram,E_num,,,,2080,,
pair,hs_18q_d1:1dpu_t8,raw,,B_mram_wram,P_wram,,,,2080,,
pair,hs_18q_d1:1dpu_t8,raw,,I_dpu,N_sync,,,,2080,-0.221912020153993,-0.18093098872789404
pair,hs_18q_d1:1dpu_t8,raw,,I_dpu,E_num,,,,2080,,
pair,hs_18q_d1:1dpu_t8,raw,,I_dpu,P_wram,,,,2080,,
pair,hs_18q_d1:1dpu_t8,raw,,N_sync,E_num,,,,2080,,
pair,hs_18q_d1:1dpu_t8,raw,,N_sync,P_wram,,,,2080,,
pair,hs_18q_d1:1dpu_t8,raw,,E_num,P_wram,,,,2080,,
feature,hs_18q_d1:1dpu_t8,normalized,B_host_dpu,,,9.286937744771506e-07,33,0.06538461538461539,2080,,
feature,hs_18q_d1:1dpu_t8,normalized,B_mram_wram,,,5.20857853710913e-07,36,0.05913461538461538,2080,,
feature,hs_18q_d1:1dpu_t8,normalized,I_dpu,,,9.460922061107397e-07,33,0.06538461538461539,2080,,
feature,hs_18q_d1:1dpu_t8,normalized,N_sync,,,2.8234736900094563e-07,2,0.9692307692307692,2080,,
feature,hs_18q_d1:1dpu_t8,normalized,E_num,,,0.0,1,1.0,2080,,
feature,hs_18q_d1:1dpu_t8,normalized,P_wram,,,0.0,1,1.0,2080,,
pair,hs_18q_d1:1dpu_t8,normalized,,B_host_dpu,B_mram_wram,,,,2080,0.9966576843834485,0.9970618618734816
pair,hs_18q_d1:1dpu_t8,normalized,,B_host_dpu,I_dpu,,,,2080,0.9999999999951761,1.0
pair,hs_18q_d1:1dpu_t8,normalized,,B_host_dpu,N_sync,,,,2080,-0.2219457441869044,-0.18093098872789404
pair,hs_18q_d1:1dpu_t8,normalized,,B_host_dpu,E_num,,,,2080,,
pair,hs_18q_d1:1dpu_t8,normalized,,B_host_dpu,P_wram,,,,2080,,
pair,hs_18q_d1:1dpu_t8,normalized,,B_mram_wram,I_dpu,,,,2080,0.9966574648567482,0.9970618618734816
pair,hs_18q_d1:1dpu_t8,normalized,,B_mram_wram,N_sync,,,,2080,-0.23061414508353453,-0.21429701606000434
pair,hs_18q_d1:1dpu_t8,normalized,,B_mram_wram,E_num,,,,2080,,
pair,hs_18q_d1:1dpu_t8,normalized,,B_mram_wram,P_wram,,,,2080,,
pair,hs_18q_d1:1dpu_t8,normalized,,I_dpu,N_sync,,,,2080,-0.22194605846446555,-0.18093098872789404
pair,hs_18q_d1:1dpu_t8,normalized,,I_dpu,E_num,,,,2080,,
pair,hs_18q_d1:1dpu_t8,normalized,,I_dpu,P_wram,,,,2080,,
pair,hs_18q_d1:1dpu_t8,normalized,,N_sync,E_num,,,,2080,,
pair,hs_18q_d1:1dpu_t8,normalized,,N_sync,P_wram,,,,2080,,
pair,hs_18q_d1:1dpu_t8,normalized,,E_num,P_wram,,,,2080,,
feature,hs_18q_d1:4dpu_t8,raw,B_host_dpu,,,16912737.8556213,33,0.06538461538461539,2080,,
feature,hs_18q_d1:4dpu_t8,raw,B_mram_wram,,,10623590.642366864,36,0.05913461538461538,2080,,
feature,hs_18q_d1:4dpu_t8,raw,I_dpu,,,1057046.1159763313,33,0.06538461538461539,2080,,
feature,hs_18q_d1:4dpu_t8,raw,N_sync,,,0.9694674556213018,2,0.9692307692307692,2080,,
feature,hs_18q_d1:4dpu_t8,raw,E_num,,,0.0,1,1.0,2080,,
feature,hs_18q_d1:4dpu_t8,raw,P_wram,,,0.0,1,1.0,2080,,
pair,hs_18q_d1:4dpu_t8,raw,,B_host_dpu,B_mram_wram,,,,2080,0.9966613798525413,0.9970618618734816
pair,hs_18q_d1:4dpu_t8,raw,,B_host_dpu,I_dpu,,,,2080,1.0,1.0
pair,hs_18q_d1:4dpu_t8,raw,,B_host_dpu,N_sync,,,,2080,-0.221912020153993,-0.18093098872789404
pair,hs_18q_d1:4dpu_t8,raw,,B_host_dpu,E_num,,,,2080,,
pair,hs_18q_d1:4dpu_t8,raw,,B_host_dpu,P_wram,,,,2080,,
pair,hs_18q_d1:4dpu_t8,raw,,B_mram_wram,I_dpu,,,,2080,0.9966613798525413,0.9970618618734816
pair,hs_18q_d1:4dpu_t8,raw,,B_mram_wram,N_sync,,,,2080,-0.23056732789744394,-0.21429701606000434
pair,hs_18q_d1:4dpu_t8,raw,,B_mram_wram,E_num,,,,2080,,
pair,hs_18q_d1:4dpu_t8,raw,,B_mram_wram,P_wram,,,,2080,,
pair,hs_18q_d1:4dpu_t8,raw,,I_dpu,N_sync,,,,2080,-0.221912020153993,-0.18093098872789404
pair,hs_18q_d1:4dpu_t8,raw,,I_dpu,E_num,,,,2080,,
pair,hs_18q_d1:4dpu_t8,raw,,I_dpu,P_wram,,,,2080,,
pair,hs_18q_d1:4dpu_t8,raw,,N_sync,E_num,,,,2080,,
pair,hs_18q_d1:4dpu_t8,raw,,N_sync,P_wram,,,,2080,,
pair,hs_18q_d1:4dpu_t8,raw,,E_num,P_wram,,,,2080,,
feature,hs_18q_d1:4dpu_t8,normalized,B_host_dpu,,,9.286937744771506e-07,33,0.06538461538461539,2080,,
feature,hs_18q_d1:4dpu_t8,normalized,B_mram_wram,,,5.20857853710913e-07,36,0.05913461538461538,2080,,
feature,hs_18q_d1:4dpu_t8,normalized,I_dpu,,,9.460922061107397e-07,33,0.06538461538461539,2080,,
feature,hs_18q_d1:4dpu_t8,normalized,N_sync,,,2.8697468764425764e-07,2,0.9692307692307692,2080,,
feature,hs_18q_d1:4dpu_t8,normalized,E_num,,,0.0,1,1.0,2080,,
feature,hs_18q_d1:4dpu_t8,normalized,P_wram,,,0.0,1,1.0,2080,,
pair,hs_18q_d1:4dpu_t8,normalized,,B_host_dpu,B_mram_wram,,,,2080,0.9966576843834485,0.9970618618734816
pair,hs_18q_d1:4dpu_t8,normalized,,B_host_dpu,I_dpu,,,,2080,0.9999999999951761,1.0
pair,hs_18q_d1:4dpu_t8,normalized,,B_host_dpu,N_sync,,,,2080,-0.22194574418690413,-0.18093098872789404
pair,hs_18q_d1:4dpu_t8,normalized,,B_host_dpu,E_num,,,,2080,,
pair,hs_18q_d1:4dpu_t8,normalized,,B_host_dpu,P_wram,,,,2080,,
pair,hs_18q_d1:4dpu_t8,normalized,,B_mram_wram,I_dpu,,,,2080,0.9966574648567482,0.9970618618734816
pair,hs_18q_d1:4dpu_t8,normalized,,B_mram_wram,N_sync,,,,2080,-0.2306141450835343,-0.21429701606000434
pair,hs_18q_d1:4dpu_t8,normalized,,B_mram_wram,E_num,,,,2080,,
pair,hs_18q_d1:4dpu_t8,normalized,,B_mram_wram,P_wram,,,,2080,,
pair,hs_18q_d1:4dpu_t8,normalized,,I_dpu,N_sync,,,,2080,-0.2219460584644654,-0.18093098872789404
pair,hs_18q_d1:4dpu_t8,normalized,,I_dpu,E_num,,,,2080,,
pair,hs_18q_d1:4dpu_t8,normalized,,I_dpu,P_wram,,,,2080,,
pair,hs_18q_d1:4dpu_t8,normalized,,N_sync,E_num,,,,2080,,
pair,hs_18q_d1:4dpu_t8,normalized,,N_sync,P_wram,,,,2080,,
pair,hs_18q_d1:4dpu_t8,normalized,,E_num,P_wram,,,,2080,,
feature,quantization_stress_18q_l2:1dpu_t8,raw,B_host_dpu,,,324340610088.96,20,0.0,190,,
feature,quantization_stress_18q_l2:1dpu_t8,raw,B_mram_wram,,,372303626905.6,20,0.0,190,,
feature,quantization_stress_18q_l2:1dpu_t8,raw,I_dpu,,,921485437916.16,19,0.005263157894736842,190,,
feature,quantization_stress_18q_l2:1dpu_t8,raw,N_sync,,,2177227.55,10,0.16842105263157894,190,,
feature,quantization_stress_18q_l2:1dpu_t8,raw,E_num,,,0.0,1,1.0,190,,
feature,quantization_stress_18q_l2:1dpu_t8,raw,P_wram,,,0.0,1,1.0,190,,
pair,quantization_stress_18q_l2:1dpu_t8,raw,,B_host_dpu,B_mram_wram,,,,190,0.9826021686449947,0.9774436090225563
pair,quantization_stress_18q_l2:1dpu_t8,raw,,B_host_dpu,I_dpu,,,,190,0.30767421004321543,0.86423473580716
pair,quantization_stress_18q_l2:1dpu_t8,raw,,B_host_dpu,N_sync,,,,190,0.9880504306648104,0.6553908596911893
pair,quantization_stress_18q_l2:1dpu_t8,raw,,B_host_dpu,E_num,,,,190,,
pair,quantization_stress_18q_l2:1dpu_t8,raw,,B_host_dpu,P_wram,,,,190,,
pair,quantization_stress_18q_l2:1dpu_t8,raw,,B_mram_wram,I_dpu,,,,190,0.46300319577177107,0.9176382747473762
pair,quantization_stress_18q_l2:1dpu_t8,raw,,B_mram_wram,N_sync,,,,190,0.9673833707635188,0.6655097209453288
pair,quantization_stress_18q_l2:1dpu_t8,raw,,B_mram_wram,E_num,,,,190,,
pair,quantization_stress_18q_l2:1dpu_t8,raw,,B_mram_wram,P_wram,,,,190,,
pair,quantization_stress_18q_l2:1dpu_t8,raw,,I_dpu,N_sync,,,,190,0.22969872331774072,0.548570710950222
pair,quantization_stress_18q_l2:1dpu_t8,raw,,I_dpu,E_num,,,,190,,
pair,quantization_stress_18q_l2:1dpu_t8,raw,,I_dpu,P_wram,,,,190,,
pair,quantization_stress_18q_l2:1dpu_t8,raw,,N_sync,E_num,,,,190,,
pair,quantization_stress_18q_l2:1dpu_t8,raw,,N_sync,P_wram,,,,190,,
pair,quantization_stress_18q_l2:1dpu_t8,raw,,E_num,P_wram,,,,190,,
feature,quantization_stress_18q_l2:1dpu_t8,normalized,B_host_dpu,,,0.009917722072814798,20,0.0,190,,
feature,quantization_stress_18q_l2:1dpu_t8,normalized,B_mram_wram,,,0.00961617546743483,20,0.0,190,,
feature,quantization_stress_18q_l2:1dpu_t8,normalized,I_dpu,,,0.024561823212729723,19,0.005263157894736842,190,,
feature,quantization_stress_18q_l2:1dpu_t8,normalized,N_sync,,,0.04088241498353958,10,0.16842105263157894,190,,
feature,quantization_stress_18q_l2:1dpu_t8,normalized,E_num,,,0.0,1,1.0,190,,
feature,quantization_stress_18q_l2:1dpu_t8,normalized,P_wram,,,0.0,1,1.0,190,,
pair,quantization_stress_18q_l2:1dpu_t8,normalized,,B_host_dpu,B_mram_wram,,,,190,0.9770321378028364,0.9774436090225563
pair,quantization_stress_18q_l2:1dpu_t8,normalized,,B_host_dpu,I_dpu,,,,190,0.391982573186893,0.86423473580716
pair,quantization_stress_18q_l2:1dpu_t8,normalized,,B_host_dpu,N_sync,,,,190,0.9844082389503329,0.6553908596911893
pair,quantization_stress_18q_l2:1dpu_t8,normalized,,B_host_dpu,E_num,,,,190,,
pair,quantization_stress_18q_l2:1dpu_t8,normalized,,B_host_dpu,P_wram,,,,190,,
pair,quantization_stress_18q_l2:1dpu_t8,normalized,,B_mram_wram,I_dpu,,,,190,0.5604688474339503,0.9176382747473762
pair,quantization_stress_18q_l2:1dpu_t8,normalized,,B_mram_wram,N_sync,,,,190,0.9554037754311833,0.6655097209453288
pair,quantization_stress_18q_l2:1dpu_t8,normalized,,B_mram_wram,E_num,,,,190,,
pair,quantization_stress_18q_l2:1dpu_t8,normalized,,B_mram_wram,P_wram,,,,190,,
pair,quantization_stress_18q_l2:1dpu_t8,normalized,,I_dpu,N_sync,,,,190,0.2965015697241296,0.548570710950222
pair,quantization_stress_18q_l2:1dpu_t8,normalized,,I_dpu,E_num,,,,190,,
pair,quantization_stress_18q_l2:1dpu_t8,normalized,,I_dpu,P_wram,,,,190,,
pair,quantization_stress_18q_l2:1dpu_t8,normalized,,N_sync,E_num,,,,190,,
pair,quantization_stress_18q_l2:1dpu_t8,normalized,,N_sync,P_wram,,,,190,,
pair,quantization_stress_18q_l2:1dpu_t8,normalized,,E_num,P_wram,,,,190,,
feature,quantization_stress_18q_l2:4dpu_t8,raw,B_host_dpu,,,324340610088.96,20,0.0,190,,
feature,quantization_stress_18q_l2:4dpu_t8,raw,B_mram_wram,,,372303626905.6,20,0.0,190,,
feature,quantization_stress_18q_l2:4dpu_t8,raw,I_dpu,,,921485437916.16,19,0.005263157894736842,190,,
feature,quantization_stress_18q_l2:4dpu_t8,raw,N_sync,,,1990320.8,10,0.16842105263157894,190,,
feature,quantization_stress_18q_l2:4dpu_t8,raw,E_num,,,0.0,1,1.0,190,,
feature,quantization_stress_18q_l2:4dpu_t8,raw,P_wram,,,0.0,1,1.0,190,,
pair,quantization_stress_18q_l2:4dpu_t8,raw,,B_host_dpu,B_mram_wram,,,,190,0.9826021686449947,0.9774436090225563
pair,quantization_stress_18q_l2:4dpu_t8,raw,,B_host_dpu,I_dpu,,,,190,0.30767421004321543,0.86423473580716
pair,quantization_stress_18q_l2:4dpu_t8,raw,,B_host_dpu,N_sync,,,,190,0.9874116170917245,0.6553908596911893
pair,quantization_stress_18q_l2:4dpu_t8,raw,,B_host_dpu,E_num,,,,190,,
pair,quantization_stress_18q_l2:4dpu_t8,raw,,B_host_dpu,P_wram,,,,190,,
pair,quantization_stress_18q_l2:4dpu_t8,raw,,B_mram_wram,I_dpu,,,,190,0.46300319577177107,0.9176382747473762
pair,quantization_stress_18q_l2:4dpu_t8,raw,,B_mram_wram,N_sync,,,,190,0.9672644100827296,0.6655097209453288
pair,quantization_stress_18q_l2:4dpu_t8,raw,,B_mram_wram,E_num,,,,190,,
pair,quantization_stress_18q_l2:4dpu_t8,raw,,B_mram_wram,P_wram,,,,190,,
pair,quantization_stress_18q_l2:4dpu_t8,raw,,I_dpu,N_sync,,,,190,0.23003789481696602,0.548570710950222
pair,quantization_stress_18q_l2:4dpu_t8,raw,,I_dpu,E_num,,,,190,,
pair,quantization_stress_18q_l2:4dpu_t8,raw,,I_dpu,P_wram,,,,190,,
pair,quantization_stress_18q_l2:4dpu_t8,raw,,N_sync,E_num,,,,190,,
pair,quantization_stress_18q_l2:4dpu_t8,raw,,N_sync,P_wram,,,,190,,
pair,quantization_stress_18q_l2:4dpu_t8,raw,,E_num,P_wram,,,,190,,
feature,quantization_stress_18q_l2:4dpu_t8,normalized,B_host_dpu,,,0.009917722072814798,20,0.0,190,,
feature,quantization_stress_18q_l2:4dpu_t8,normalized,B_mram_wram,,,0.00961617546743483,20,0.0,190,,
feature,quantization_stress_18q_l2:4dpu_t8,normalized,I_dpu,,,0.024561823212729723,19,0.005263157894736842,190,,
feature,quantization_stress_18q_l2:4dpu_t8,normalized,N_sync,,,0.03872957041440982,10,0.16842105263157894,190,,
feature,quantization_stress_18q_l2:4dpu_t8,normalized,E_num,,,0.0,1,1.0,190,,
feature,quantization_stress_18q_l2:4dpu_t8,normalized,P_wram,,,0.0,1,1.0,190,,
pair,quantization_stress_18q_l2:4dpu_t8,normalized,,B_host_dpu,B_mram_wram,,,,190,0.9770321378028364,0.9774436090225563
pair,quantization_stress_18q_l2:4dpu_t8,normalized,,B_host_dpu,I_dpu,,,,190,0.391982573186893,0.86423473580716
pair,quantization_stress_18q_l2:4dpu_t8,normalized,,B_host_dpu,N_sync,,,,190,0.9832153154842757,0.6553908596911893
pair,quantization_stress_18q_l2:4dpu_t8,normalized,,B_host_dpu,E_num,,,,190,,
pair,quantization_stress_18q_l2:4dpu_t8,normalized,,B_host_dpu,P_wram,,,,190,,
pair,quantization_stress_18q_l2:4dpu_t8,normalized,,B_mram_wram,I_dpu,,,,190,0.5604688474339503,0.9176382747473762
pair,quantization_stress_18q_l2:4dpu_t8,normalized,,B_mram_wram,N_sync,,,,190,0.9552891170091744,0.6655097209453288
pair,quantization_stress_18q_l2:4dpu_t8,normalized,,B_mram_wram,E_num,,,,190,,
pair,quantization_stress_18q_l2:4dpu_t8,normalized,,B_mram_wram,P_wram,,,,190,,
pair,quantization_stress_18q_l2:4dpu_t8,normalized,,I_dpu,N_sync,,,,190,0.29705446528589774,0.548570710950222
pair,quantization_stress_18q_l2:4dpu_t8,normalized,,I_dpu,E_num,,,,190,,
pair,quantization_stress_18q_l2:4dpu_t8,normalized,,I_dpu,P_wram,,,,190,,
pair,quantization_stress_18q_l2:4dpu_t8,normalized,,N_sync,E_num,,,,190,,
pair,quantization_stress_18q_l2:4dpu_t8,normalized,,N_sync,P_wram,,,,190,,
pair,quantization_stress_18q_l2:4dpu_t8,normalized,,E_num,P_wram,,,,190,,
