schema_version,case_id,case_family,n_qubits,actual_n_qubits,benchmark_n_qubits,actual_n_qubits_source,actual_n_qubits_warning,repeat_id,cpu_route_id,gpu_route_id,timing_scope,state_output_mode,validation_method,performance_tier,cpu_total_wall_time_s,gpu_total_wall_time_s,wall_time_ratio_cpu_over_gpu,cpu_simulation_compute_time_s,gpu_simulation_compute_time_s,compute_speedup_cpu_over_gpu,gpu_device_name
research_benchmark_pack_v1,quest_bb84_10q_research_perf,bb84,10,10,10,n_qubits,,0,quest_cpu_full_state_exact,quest_gpu_full_state_exact,performance_compute,none,native_status_gate_counts,True,0.06806619399867486,0.12650086500070756,0.5380690005423611,0.046279094,0.073065996,0.6333875747071183,AMD Radeon RX 6600 (gfx1032)
research_benchmark_pack_v1,quest_bb84_10q_research_perf,bb84,10,10,10,n_qubits,,1,quest_cpu_full_state_exact,quest_gpu_full_state_exact,performance_compute,none,native_status_gate_counts,True,0.12053710100008175,0.07529011099904892,1.600968565468105,0.091968587,0.030417919,3.023500292705757,AMD Radeon RX 6600 (gfx1032)
research_benchmark_pack_v1,quest_bb84_10q_research_perf,bb84,10,10,10,n_qubits,,2,quest_cpu_full_state_exact,quest_gpu_full_state_exact,performance_compute,none,native_status_gate_counts,True,0.018925479002064094,0.05982657300046412,0.31633901212956445,0.013542229,0.014144897,0.9573932563807286,AMD Radeon RX 6600 (gfx1032)
research_benchmark_pack_v1,quest_bb84_10q_research_perf,bb84,10,10,10,n_qubits,,3,quest_cpu_full_state_exact,quest_gpu_full_state_exact,performance_compute,none,native_status_gate_counts,True,0.016159779999725288,0.2731780020003498,0.059154763126588045,0.010562066,0.226957083,0.046537723610062434,AMD Radeon RX 6600 (gfx1032)
research_benchmark_pack_v1,quest_bb84_10q_research_perf,bb84,10,10,10,n_qubits,,4,quest_cpu_full_state_exact,quest_gpu_full_state_exact,performance_compute,none,native_status_gate_counts,True,0.06564997099849279,0.0603703470005712,1.0874539282981368,0.048205822,0.016263962,2.9639654839331278,AMD Radeon RX 6600 (gfx1032)
research_benchmark_pack_v1,quest_bb84_12q_research_correctness,bb84,12,12,12,n_qubits,,0,quest_cpu_full_state_exact,quest_gpu_full_state_exact,correctness_wall_and_compute,full_dump,full_statevector,False,0.012437582998245489,0.6611592830013251,0.018811780032468455,0.000901601,0.004473925,0.20152349447073878,AMD Radeon RX 6600 (gfx1032)
research_benchmark_pack_v1,quest_bb84_12q_research_perf,bb84,12,12,12,n_qubits,,0,quest_cpu_full_state_exact,quest_gpu_full_state_exact,performance_compute,none,native_status_gate_counts,True,0.03240934699715581,0.5446658660002868,0.059503172532458175,0.026977195,0.053760052,0.5018074573290963,AMD Radeon RX 6600 (gfx1032)
research_benchmark_pack_v1,quest_bb84_12q_research_perf,bb84,12,12,12,n_qubits,,1,quest_cpu_full_state_exact,quest_gpu_full_state_exact,performance_compute,none,native_status_gate_counts,True,0.021062032999907387,0.5195948149994365,0.040535494950869035,0.014902761,0.054737091,0.27226074180668464,AMD Radeon RX 6600 (gfx1032)
research_benchmark_pack_v1,quest_bb84_12q_research_perf,bb84,12,12,12,n_qubits,,2,quest_cpu_full_state_exact,quest_gpu_full_state_exact,performance_compute,none,native_status_gate_counts,True,0.02176715099994908,0.5508916219987441,0.039512583112034885,0.016289012,0.054158926,0.3007632019881635,AMD Radeon RX 6600 (gfx1032)
research_benchmark_pack_v1,quest_bb84_12q_research_perf,bb84,12,12,12,n_qubits,,3,quest_cpu_full_state_exact,quest_gpu_full_state_exact,performance_compute,none,native_status_gate_counts,True,0.40445504800300114,0.5337269709998509,0.757793909581373,0.375411661,0.052010059,7.218058741290796,AMD Radeon RX 6600 (gfx1032)
research_benchmark_pack_v1,quest_bb84_12q_research_perf,bb84,12,12,12,n_qubits,,4,quest_cpu_full_state_exact,quest_gpu_full_state_exact,performance_compute,none,native_status_gate_counts,True,0.10798412700023619,0.5372043910028879,0.20101125159949723,0.079790783,0.054243803,1.4709658723596502,AMD Radeon RX 6600 (gfx1032)
research_benchmark_pack_v1,quest_bb84_14q_research_perf,bb84,14,14,14,n_qubits,,0,quest_cpu_full_state_exact,quest_gpu_full_state_exact,performance_compute,none,native_status_gate_counts,True,0.0695550499985984,0.5391920889996982,0.12899864708259348,0.047710505,0.063553095,0.7507188280916924,AMD Radeon RX 6600 (gfx1032)
research_benchmark_pack_v1,quest_bb84_14q_research_perf,bb84,14,14,14,n_qubits,,1,quest_cpu_full_state_exact,quest_gpu_full_state_exact,performance_compute,none,native_status_gate_counts,True,0.07253254700117395,0.5279926389994216,0.1373741632811919,0.050091218,0.061728001,0.8114829119446133,AMD Radeon RX 6600 (gfx1032)
research_benchmark_pack_v1,quest_bb84_14q_research_perf,bb84,14,14,14,n_qubits,,2,quest_cpu_full_state_exact,quest_gpu_full_state_exact,performance_compute,none,native_status_gate_counts,True,0.08840713799872901,0.5354467209981522,0.16510912203164674,0.062854619,0.06449604,0.9745500498945361,AMD Radeon RX 6600 (gfx1032)
research_benchmark_pack_v1,quest_bb84_14q_research_perf,bb84,14,14,14,n_qubits,,3,quest_cpu_full_state_exact,quest_gpu_full_state_exact,performance_compute,none,native_status_gate_counts,True,0.07758920999913244,0.52591812099854,0.14753096898775206,0.055853862,0.063921928,0.8737824991761824,AMD Radeon RX 6600 (gfx1032)
research_benchmark_pack_v1,quest_bb84_14q_research_perf,bb84,14,14,14,n_qubits,,4,quest_cpu_full_state_exact,quest_gpu_full_state_exact,performance_compute,none,native_status_gate_counts,True,0.02870029599944246,0.5301617229997646,0.05413498325954249,0.023193304,0.064213037,0.3611930704975066,AMD Radeon RX 6600 (gfx1032)
research_benchmark_pack_v1,quest_bb84_16q_research_correctness,bb84,16,16,16,n_qubits,,0,quest_cpu_full_state_exact,quest_gpu_full_state_exact,correctness_wall_and_compute,full_dump,full_statevector,False,0.09674700400137226,3.5319201050006086,0.02739218360698326,0.011005352,0.00536108,2.0528236847799324,AMD Radeon RX 6600 (gfx1032)
research_benchmark_pack_v1,quest_bb84_16q_research_perf,bb84,16,16,16,n_qubits,,0,quest_cpu_full_state_exact,quest_gpu_full_state_exact,performance_compute,none,native_status_gate_counts,True,0.13091985400023987,0.5472341450004023,0.2392391907492242,0.109370075,0.083678961,1.3070199927554071,AMD Radeon RX 6600 (gfx1032)
research_benchmark_pack_v1,quest_bb84_16q_research_perf,bb84,16,16,16,n_qubits,,1,quest_cpu_full_state_exact,quest_gpu_full_state_exact,performance_compute,none,native_status_gate_counts,True,0.11429399700136855,0.6079617850009527,0.18799536388819152,0.092498516,0.080805063,1.1447118851946196,AMD Radeon RX 6600 (gfx1032)
research_benchmark_pack_v1,quest_bb84_16q_research_perf,bb84,16,16,16,n_qubits,,2,quest_cpu_full_state_exact,quest_gpu_full_state_exact,performance_compute,none,native_status_gate_counts,True,0.20578648599985172,0.554992179000692,0.3707916864168912,0.183640255,0.081170082,2.2624130772715,AMD Radeon RX 6600 (gfx1032)
research_benchmark_pack_v1,quest_bb84_16q_research_perf,bb84,16,16,16,n_qubits,,3,quest_cpu_full_state_exact,quest_gpu_full_state_exact,performance_compute,none,native_status_gate_counts,True,0.12712295700112008,0.5587067579981522,0.22753073089110643,0.104441328,0.083375931,1.2526556135247233,AMD Radeon RX 6600 (gfx1032)
research_benchmark_pack_v1,quest_bb84_16q_research_perf,bb84,16,16,16,n_qubits,,4,quest_cpu_full_state_exact,quest_gpu_full_state_exact,performance_compute,none,native_status_gate_counts,True,0.07427732400174136,0.5898404510007822,0.1259278231523712,0.068430823,0.08409214,0.8137600375017214,AMD Radeon RX 6600 (gfx1032)
research_benchmark_pack_v1,quest_bb84_4q_research_correctness,bb84,4,4,4,n_qubits,,0,quest_cpu_full_state_exact,quest_gpu_full_state_exact,correctness_wall_and_compute,full_dump,full_statevector,False,0.0051616939999803435,0.04849182399993879,0.1064446245615933,0.000247216,0.000379086,0.6521369821096006,AMD Radeon RX 6600 (gfx1032)
research_benchmark_pack_v1,quest_bb84_4q_research_perf,bb84,4,4,4,n_qubits,,0,quest_cpu_full_state_exact,quest_gpu_full_state_exact,performance_compute,none,native_status_gate_counts,True,0.01835342300182674,0.05014810400098213,0.3659843850022186,0.003284106,0.003391981,0.9681970506320643,AMD Radeon RX 6600 (gfx1032)
research_benchmark_pack_v1,quest_bb84_4q_research_perf,bb84,4,4,4,n_qubits,,1,quest_cpu_full_state_exact,quest_gpu_full_state_exact,performance_compute,none,native_status_gate_counts,True,0.008648572002130095,0.04777751899746363,0.18101760375186543,0.003310446,0.002586842,1.279724853701927,AMD Radeon RX 6600 (gfx1032)
research_benchmark_pack_v1,quest_bb84_4q_research_perf,bb84,4,4,4,n_qubits,,2,quest_cpu_full_state_exact,quest_gpu_full_state_exact,performance_compute,none,native_status_gate_counts,True,0.014632253001764184,0.04909458900147001,0.2980420714251434,0.004948251,0.003391981,1.4588085841282719,AMD Radeon RX 6600 (gfx1032)
research_benchmark_pack_v1,quest_bb84_4q_research_perf,bb84,4,4,4,n_qubits,,3,quest_cpu_full_state_exact,quest_gpu_full_state_exact,performance_compute,none,native_status_gate_counts,True,0.008788415001617977,0.04826822299946798,0.18207455040793286,0.003233702,0.003377199,0.957510054930136,AMD Radeon RX 6600 (gfx1032)
research_benchmark_pack_v1,quest_bb84_4q_research_perf,bb84,4,4,4,n_qubits,,4,quest_cpu_full_state_exact,quest_gpu_full_state_exact,performance_compute,none,native_status_gate_counts,True,0.014348098000482423,0.04716911200011964,0.30418418732254343,0.005264617,0.002772093,1.899148765932456,AMD Radeon RX 6600 (gfx1032)
research_benchmark_pack_v1,quest_bb84_6q_research_perf,bb84,6,6,6,n_qubits,,0,quest_cpu_full_state_exact,quest_gpu_full_state_exact,performance_compute,none,native_status_gate_counts,True,0.010339726999518462,0.049854491000587586,0.2073981058074908,0.004833375,0.005143166,0.9397664784687096,AMD Radeon RX 6600 (gfx1032)
research_benchmark_pack_v1,quest_bb84_6q_research_perf,bb84,6,6,6,n_qubits,,1,quest_cpu_full_state_exact,quest_gpu_full_state_exact,performance_compute,none,native_status_gate_counts,True,0.010408125999674667,0.050251729000592604,0.2071197589947985,0.005144191,0.005187988,0.9915579989776384,AMD Radeon RX 6600 (gfx1032)
research_benchmark_pack_v1,quest_bb84_6q_research_perf,bb84,6,6,6,n_qubits,,2,quest_cpu_full_state_exact,quest_gpu_full_state_exact,performance_compute,none,native_status_gate_counts,True,0.015921460999379633,0.05396175799978664,0.29505082098034285,0.005973472,0.005403996,1.1053805369211966,AMD Radeon RX 6600 (gfx1032)
research_benchmark_pack_v1,quest_bb84_6q_research_perf,bb84,6,6,6,n_qubits,,3,quest_cpu_full_state_exact,quest_gpu_full_state_exact,performance_compute,none,native_status_gate_counts,True,0.01791312299974379,0.052399203999812016,0.34185868548323856,0.007362789,0.005182981,1.4205703242979282,AMD Radeon RX 6600 (gfx1032)
research_benchmark_pack_v1,quest_bb84_6q_research_perf,bb84,6,6,6,n_qubits,,4,quest_cpu_full_state_exact,quest_gpu_full_state_exact,performance_compute,none,native_status_gate_counts,True,0.010172882000915706,0.05243019100089441,0.19402717798114003,0.00480412,0.005129099,0.9366401389405821,AMD Radeon RX 6600 (gfx1032)
research_benchmark_pack_v1,quest_bb84_8q_research_correctness,bb84,8,8,8,n_qubits,,0,quest_cpu_full_state_exact,quest_gpu_full_state_exact,correctness_wall_and_compute,full_dump,full_statevector,False,0.006221161002031295,0.048724099000537535,0.12768139646795032,0.000553503,0.001597166,0.34655320736855155,AMD Radeon RX 6600 (gfx1032)
research_benchmark_pack_v1,quest_bb84_8q_research_perf,bb84,8,8,8,n_qubits,,0,quest_cpu_full_state_exact,quest_gpu_full_state_exact,performance_compute,none,native_status_gate_counts,True,0.1332165880012326,0.0536004759997013,2.485362033015807,0.111261471,0.008045197,13.829552091763569,AMD Radeon RX 6600 (gfx1032)
research_benchmark_pack_v1,quest_bb84_8q_research_perf,bb84,8,8,8,n_qubits,,1,quest_cpu_full_state_exact,quest_gpu_full_state_exact,performance_compute,none,native_status_gate_counts,True,0.11465891099942382,0.06596382499992615,1.7382089501261062,0.091741703,0.022289038,4.116001013592421,AMD Radeon RX 6600 (gfx1032)
research_benchmark_pack_v1,quest_bb84_8q_research_perf,bb84,8,8,8,n_qubits,,2,quest_cpu_full_state_exact,quest_gpu_full_state_exact,performance_compute,none,native_status_gate_counts,True,0.013514877999114105,0.05362377000346896,0.25203147779874147,0.00800057,0.007736921,1.0340767341426906,AMD Radeon RX 6600 (gfx1032)
research_benchmark_pack_v1,quest_bb84_8q_research_perf,bb84,8,8,8,n_qubits,,3,quest_cpu_full_state_exact,quest_gpu_full_state_exact,performance_compute,none,native_status_gate_counts,True,0.01284689900057856,0.06975200000306359,0.1841796507629073,0.007502933,0.02561903,0.2928656159112972,AMD Radeon RX 6600 (gfx1032)
research_benchmark_pack_v1,quest_bb84_8q_research_perf,bb84,8,8,8,n_qubits,,4,quest_cpu_full_state_exact,quest_gpu_full_state_exact,performance_compute,none,native_status_gate_counts,True,0.0853659210006299,0.06212517300082254,1.3740955055288078,0.063643804,0.015970945,3.9849742141119386,AMD Radeon RX 6600 (gfx1032)
research_benchmark_pack_v1,quest_bv_10q_research_perf,bv,10,10,10,n_qubits,,0,quest_cpu_full_state_exact,quest_gpu_full_state_exact,performance_compute,none,native_status_gate_counts,True,0.03283170400027302,0.09056228200279293,0.36253176569976997,0.027232403,0.046638012,0.5839100302988901,AMD Radeon RX 6600 (gfx1032)
research_benchmark_pack_v1,quest_bv_10q_research_perf,bv,10,10,10,n_qubits,,1,quest_cpu_full_state_exact,quest_gpu_full_state_exact,performance_compute,none,native_status_gate_counts,True,0.026736468000308378,0.060724159000528743,0.44029375524287745,0.02141417,0.016473055,1.299951344786987,AMD Radeon RX 6600 (gfx1032)
research_benchmark_pack_v1,quest_bv_10q_research_perf,bv,10,10,10,n_qubits,,2,quest_cpu_full_state_exact,quest_gpu_full_state_exact,performance_compute,none,native_status_gate_counts,True,0.0810524330008775,0.07038119599747006,1.1516205692752228,0.075549655,0.024255037,3.1148027108760954,AMD Radeon RX 6600 (gfx1032)
research_benchmark_pack_v1,quest_bv_10q_research_perf,bv,10,10,10,n_qubits,,3,quest_cpu_full_state_exact,quest_gpu_full_state_exact,performance_compute,none,native_status_gate_counts,True,0.0201621200030786,0.08827411099991878,0.22840354634777518,0.014618816,0.043667078,0.33477889223547314,AMD Radeon RX 6600 (gfx1032)
research_benchmark_pack_v1,quest_bv_10q_research_perf,bv,10,10,10,n_qubits,,4,quest_cpu_full_state_exact,quest_gpu_full_state_exact,performance_compute,none,native_status_gate_counts,True,0.023245088999829022,0.09262342600050033,0.25096339018709435,0.017860243,0.046407938,0.3848531904175531,AMD Radeon RX 6600 (gfx1032)
research_benchmark_pack_v1,quest_bv_12q_research_correctness,bv,12,12,12,n_qubits,,0,quest_cpu_full_state_exact,quest_gpu_full_state_exact,correctness_wall_and_compute,full_dump,full_statevector,False,0.033255968999583274,0.644661205002194,0.051586738493857545,0.005145576,0.005928993,0.8678667692810567,AMD Radeon RX 6600 (gfx1032)
research_benchmark_pack_v1,quest_bv_12q_research_perf,bv,12,12,12,n_qubits,,0,quest_cpu_full_state_exact,quest_gpu_full_state_exact,performance_compute,none,native_status_gate_counts,True,0.02754044199900818,0.5359359360008966,0.051387563604173216,0.022223625,0.077213049,0.2878221400115931,AMD Radeon RX 6600 (gfx1032)
research_benchmark_pack_v1,quest_bv_12q_research_perf,bv,12,12,12,n_qubits,,1,quest_cpu_full_state_exact,quest_gpu_full_state_exact,performance_compute,none,native_status_gate_counts,True,0.03211692499826313,0.5372674140016898,0.0597782857498261,0.026758349,0.079942942,0.3347180918110319,AMD Radeon RX 6600 (gfx1032)
research_benchmark_pack_v1,quest_bv_12q_research_perf,bv,12,12,12,n_qubits,,2,quest_cpu_full_state_exact,quest_gpu_full_state_exact,performance_compute,none,native_status_gate_counts,True,0.0270111240024562,0.547389645002113,0.04934533243198624,0.021679459,0.078169107,0.27734049718643966,AMD Radeon RX 6600 (gfx1032)
research_benchmark_pack_v1,quest_bv_12q_research_perf,bv,12,12,12,n_qubits,,3,quest_cpu_full_state_exact,quest_gpu_full_state_exact,performance_compute,none,native_status_gate_counts,True,0.031162507002591155,0.5569318640009442,0.05595389493199894,0.025805101,0.079737902,0.3236240276299219,AMD Radeon RX 6600 (gfx1032)
research_benchmark_pack_v1,quest_bv_12q_research_perf,bv,12,12,12,n_qubits,,4,quest_cpu_full_state_exact,quest_gpu_full_state_exact,performance_compute,none,native_status_gate_counts,True,0.028217566999956034,0.5655162040020514,0.04989700878642494,0.022765064,0.077990055,0.29189701174079186,AMD Radeon RX 6600 (gfx1032)
research_benchmark_pack_v1,quest_bv_14q_research_perf,bv,14,14,14,n_qubits,,0,quest_cpu_full_state_exact,quest_gpu_full_state_exact,performance_compute,none,native_status_gate_counts,True,0.043530658000236144,0.5728136750003614,0.07599444618742504,0.038219611,0.096883059,0.3944921990954064,AMD Radeon RX 6600 (gfx1032)
research_benchmark_pack_v1,quest_bv_14q_research_perf,bv,14,14,14,n_qubits,,1,quest_cpu_full_state_exact,quest_gpu_full_state_exact,performance_compute,none,native_status_gate_counts,True,0.04538986099942122,0.5740815169992857,0.079065184395194,0.039737992,0.096526146,0.4116811210923101,AMD Radeon RX 6600 (gfx1032)
research_benchmark_pack_v1,quest_bv_14q_research_perf,bv,14,14,14,n_qubits,,2,quest_cpu_full_state_exact,quest_gpu_full_state_exact,performance_compute,none,native_status_gate_counts,True,0.04075852399910218,0.5531134359989665,0.07368926760111888,0.035292816,0.094885826,0.37195034798980403,AMD Radeon RX 6600 (gfx1032)
research_benchmark_pack_v1,quest_bv_14q_research_perf,bv,14,14,14,n_qubits,,3,quest_cpu_full_state_exact,quest_gpu_full_state_exact,performance_compute,none,native_status_gate_counts,True,0.10223798000151874,0.5690201040015381,0.1796737571880982,0.094577606,0.094269991,1.0032631274993968,AMD Radeon RX 6600 (gfx1032)
research_benchmark_pack_v1,quest_bv_14q_research_perf,bv,14,14,14,n_qubits,,4,quest_cpu_full_state_exact,quest_gpu_full_state_exact,performance_compute,none,native_status_gate_counts,True,0.04295903900128906,0.5672045600003912,0.07573817636666995,0.037023607,0.094320059,0.3925316352908558,AMD Radeon RX 6600 (gfx1032)
research_benchmark_pack_v1,quest_bv_16q_research_correctness,bv,16,16,16,n_qubits,,0,quest_cpu_full_state_exact,quest_gpu_full_state_exact,correctness_wall_and_compute,full_dump,full_statevector,False,0.4904455260002578,3.5600586460022896,0.13776332773365846,0.351977879,0.007439137,47.31434291370088,AMD Radeon RX 6600 (gfx1032)
research_benchmark_pack_v1,quest_bv_16q_research_perf,bv,16,16,16,n_qubits,,0,quest_cpu_full_state_exact,quest_gpu_full_state_exact,performance_compute,none,native_status_gate_counts,True,0.10514167400106089,0.599472144000174,0.17539042481518602,0.099404264,0.118810892,0.8366595210816193,AMD Radeon RX 6600 (gfx1032)
research_benchmark_pack_v1,quest_bv_16q_research_perf,bv,16,16,16,n_qubits,,1,quest_cpu_full_state_exact,quest_gpu_full_state_exact,performance_compute,none,native_status_gate_counts,True,0.0932453200002783,0.5999090080003953,0.15543243851443694,0.08745489,0.121680975,0.7187227912991327,AMD Radeon RX 6600 (gfx1032)
research_benchmark_pack_v1,quest_bv_16q_research_perf,bv,16,16,16,n_qubits,,2,quest_cpu_full_state_exact,quest_gpu_full_state_exact,performance_compute,none,native_status_gate_counts,True,0.09319008400052553,0.5934782860022096,0.15702357811314863,0.08729625,0.120364189,0.7252676292281586,AMD Radeon RX 6600 (gfx1032)
research_benchmark_pack_v1,quest_bv_16q_research_perf,bv,16,16,16,n_qubits,,3,quest_cpu_full_state_exact,quest_gpu_full_state_exact,performance_compute,none,native_status_gate_counts,True,0.10284233799757203,0.5820786900003441,0.17668115972002213,0.096689536,0.119055986,0.8121350236014173,AMD Radeon RX 6600 (gfx1032)
research_benchmark_pack_v1,quest_bv_16q_research_perf,bv,16,16,16,n_qubits,,4,quest_cpu_full_state_exact,quest_gpu_full_state_exact,performance_compute,none,native_status_gate_counts,True,0.09269080200101598,0.603015503998904,0.15371213739337694,0.087068649,0.121025801,0.719422208162043,AMD Radeon RX 6600 (gfx1032)
research_benchmark_pack_v1,quest_bv_4q_research_correctness,bv,4,4,4,n_qubits,,0,quest_cpu_full_state_exact,quest_gpu_full_state_exact,correctness_wall_and_compute,full_dump,full_statevector,False,0.005332428001565859,0.04297482400215813,0.12408260243946717,0.00034427,0.000246048,1.399198530368058,AMD Radeon RX 6600 (gfx1032)
research_benchmark_pack_v1,quest_bv_4q_research_perf,bv,4,4,4,n_qubits,,0,quest_cpu_full_state_exact,quest_gpu_full_state_exact,performance_compute,none,native_status_gate_counts,True,0.017254743001103634,0.05098426900076447,0.33843268402739896,0.007408931,0.004956007,1.4949395753476538,AMD Radeon RX 6600 (gfx1032)
research_benchmark_pack_v1,quest_bv_4q_research_perf,bv,4,4,4,n_qubits,,1,quest_cpu_full_state_exact,quest_gpu_full_state_exact,performance_compute,none,native_status_gate_counts,True,0.009954067001672229,0.04847050299940747,0.20536339393453193,0.004680379,0.004909039,0.9534206185772818,AMD Radeon RX 6600 (gfx1032)
research_benchmark_pack_v1,quest_bv_4q_research_perf,bv,4,4,4,n_qubits,,2,quest_cpu_full_state_exact,quest_gpu_full_state_exact,performance_compute,none,native_status_gate_counts,True,0.01977359900047304,0.0477232550001645,0.4143388584958189,0.006706026,0.004913807,1.3647312562337104,AMD Radeon RX 6600 (gfx1032)
research_benchmark_pack_v1,quest_bv_4q_research_perf,bv,4,4,4,n_qubits,,3,quest_cpu_full_state_exact,quest_gpu_full_state_exact,performance_compute,none,native_status_gate_counts,True,0.009967722002329538,0.048696067999117076,0.20469254319486874,0.004686361,0.003450155,1.3583044819725492,AMD Radeon RX 6600 (gfx1032)
research_benchmark_pack_v1,quest_bv_4q_research_perf,bv,4,4,4,n_qubits,,4,quest_cpu_full_state_exact,quest_gpu_full_state_exact,performance_compute,none,native_status_gate_counts,True,0.01014597799803596,0.04746792299920344,0.2137438791709134,0.00475008,0.003353119,1.4166153959939987,AMD Radeon RX 6600 (gfx1032)
research_benchmark_pack_v1,quest_bv_6q_research_perf,bv,6,6,6,n_qubits,,0,quest_cpu_full_state_exact,quest_gpu_full_state_exact,performance_compute,none,native_status_gate_counts,True,0.023233058000187157,0.053015116001915885,0.43823459707883217,0.008515345,0.007738113,1.1004420586776131,AMD Radeon RX 6600 (gfx1032)
research_benchmark_pack_v1,quest_bv_6q_research_perf,bv,6,6,6,n_qubits,,1,quest_cpu_full_state_exact,quest_gpu_full_state_exact,performance_compute,none,native_status_gate_counts,True,0.01865049299885868,0.05284742000003462,0.352912081589725,0.008832013,0.007753849,1.1390488775316618,AMD Radeon RX 6600 (gfx1032)
research_benchmark_pack_v1,quest_bv_6q_research_perf,bv,6,6,6,n_qubits,,2,quest_cpu_full_state_exact,quest_gpu_full_state_exact,performance_compute,none,native_status_gate_counts,True,0.011938044997805264,0.04841659100202378,0.24656930095111945,0.006515808,0.004714966,1.3819416725380416,AMD Radeon RX 6600 (gfx1032)
research_benchmark_pack_v1,quest_bv_6q_research_perf,bv,6,6,6,n_qubits,,3,quest_cpu_full_state_exact,quest_gpu_full_state_exact,performance_compute,none,native_status_gate_counts,True,0.013332933001947822,0.052111913999397075,0.2558519152089114,0.006636175,0.007784843,0.8524481482799333,AMD Radeon RX 6600 (gfx1032)
research_benchmark_pack_v1,quest_bv_6q_research_perf,bv,6,6,6,n_qubits,,4,quest_cpu_full_state_exact,quest_gpu_full_state_exact,performance_compute,none,native_status_gate_counts,True,0.012343238002358703,0.05232470499686315,0.23589694395981167,0.006596199,0.007804155,0.8452162982411292,AMD Radeon RX 6600 (gfx1032)
research_benchmark_pack_v1,quest_bv_8q_research_correctness,bv,8,8,8,n_qubits,,0,quest_cpu_full_state_exact,quest_gpu_full_state_exact,correctness_wall_and_compute,full_dump,full_statevector,False,0.4740155639992736,0.046508065999660175,10.19211514842903,0.447047444,0.000823021,543.1786600827926,AMD Radeon RX 6600 (gfx1032)
research_benchmark_pack_v1,quest_bv_8q_research_perf,bv,8,8,8,n_qubits,,0,quest_cpu_full_state_exact,quest_gpu_full_state_exact,performance_compute,none,native_status_gate_counts,True,0.02184300899898517,0.058367841000290355,0.37423020321886685,0.0166647,0.014870882,1.1206262009206986,AMD Radeon RX 6600 (gfx1032)
research_benchmark_pack_v1,quest_bv_8q_research_perf,bv,8,8,8,n_qubits,,1,quest_cpu_full_state_exact,quest_gpu_full_state_exact,performance_compute,none,native_status_gate_counts,True,0.01712041000064346,0.11847671199939214,0.1445044322358583,0.011842284,0.073840141,0.1603773210563073,AMD Radeon RX 6600 (gfx1032)
research_benchmark_pack_v1,quest_bv_8q_research_perf,bv,8,8,8,n_qubits,,2,quest_cpu_full_state_exact,quest_gpu_full_state_exact,performance_compute,none,native_status_gate_counts,True,0.017945694002264645,0.0572858619998442,0.3132656710710481,0.012515413,0.012943983,0.9668904076898124,AMD Radeon RX 6600 (gfx1032)
research_benchmark_pack_v1,quest_bv_8q_research_perf,bv,8,8,8,n_qubits,,3,quest_cpu_full_state_exact,quest_gpu_full_state_exact,performance_compute,none,native_status_gate_counts,True,0.08162468299997272,0.062002309001400135,1.3164781169380235,0.060388017,0.018951893,3.1863844419130056,AMD Radeon RX 6600 (gfx1032)
research_benchmark_pack_v1,quest_bv_8q_research_perf,bv,8,8,8,n_qubits,,4,quest_cpu_full_state_exact,quest_gpu_full_state_exact,performance_compute,none,native_status_gate_counts,True,0.026459737000550376,0.0698819459976221,0.3786348050675454,0.021161183,0.02459693,0.8603180559525112,AMD Radeon RX 6600 (gfx1032)
research_benchmark_pack_v1,quest_edc_10q_research_perf,edc,10,10,10,n_qubits,,0,quest_cpu_full_state_exact,quest_gpu_full_state_exact,performance_compute,none,native_status_gate_counts,True,0.036572408000211,0.07240377100242767,0.5051174475288689,0.031138073,0.027213097,1.1442311398809184,AMD Radeon RX 6600 (gfx1032)
research_benchmark_pack_v1,quest_edc_10q_research_perf,edc,10,10,10,n_qubits,,1,quest_cpu_full_state_exact,quest_gpu_full_state_exact,performance_compute,none,native_status_gate_counts,True,0.10156437000114238,0.1429355360014597,0.7105606684128234,0.079586929,0.098258018,0.8099789780005536,AMD Radeon RX 6600 (gfx1032)
research_benchmark_pack_v1,quest_edc_10q_research_perf,edc,10,10,10,n_qubits,,2,quest_cpu_full_state_exact,quest_gpu_full_state_exact,performance_compute,none,native_status_gate_counts,True,0.22482918899913784,0.12010425399785163,1.8719502558432233,0.202782176,0.068400145,2.9646454112049034,AMD Radeon RX 6600 (gfx1032)
research_benchmark_pack_v1,quest_edc_10q_research_perf,edc,10,10,10,n_qubits,,3,quest_cpu_full_state_exact,quest_gpu_full_state_exact,performance_compute,none,native_status_gate_counts,True,0.055075203999876976,0.11167075100092916,0.49319274300768984,0.049315667,0.064666033,0.7626208801149129,AMD Radeon RX 6600 (gfx1032)
research_benchmark_pack_v1,quest_edc_10q_research_perf,edc,10,10,10,n_qubits,,4,quest_cpu_full_state_exact,quest_gpu_full_state_exact,performance_compute,none,native_status_gate_counts,True,0.03566819499974372,0.10948099700181047,0.32579347993290453,0.029321923,0.065343142,0.4487375737150809,AMD Radeon RX 6600 (gfx1032)
research_benchmark_pack_v1,quest_edc_12q_research_correctness,edc,12,12,12,n_qubits,,0,quest_cpu_full_state_exact,quest_gpu_full_state_exact,correctness_wall_and_compute,full_dump,full_statevector,False,0.012935927999933483,0.668008638000174,0.01936491126620748,0.001765187,0.006968021,0.2533268771721555,AMD Radeon RX 6600 (gfx1032)
research_benchmark_pack_v1,quest_edc_12q_research_perf,edc,12,12,12,n_qubits,,0,quest_cpu_full_state_exact,quest_gpu_full_state_exact,performance_compute,none,native_status_gate_counts,True,0.03840827399835689,0.5849233529988851,0.06566377252923615,0.033244239,0.105458021,0.31523670447030294,AMD Radeon RX 6600 (gfx1032)
research_benchmark_pack_v1,quest_edc_12q_research_perf,edc,12,12,12,n_qubits,,1,quest_cpu_full_state_exact,quest_gpu_full_state_exact,performance_compute,none,native_status_gate_counts,True,0.31623845500143943,0.600027279000642,0.5270401297890009,0.298561224,0.11473918,2.602086087768799,AMD Radeon RX 6600 (gfx1032)
research_benchmark_pack_v1,quest_edc_12q_research_perf,edc,12,12,12,n_qubits,,2,quest_cpu_full_state_exact,quest_gpu_full_state_exact,performance_compute,none,native_status_gate_counts,True,0.22925231200133567,0.5894386670006497,0.388933276413444,0.199612582,0.10922718,1.82749918106464,AMD Radeon RX 6600 (gfx1032)
research_benchmark_pack_v1,quest_edc_12q_research_perf,edc,12,12,12,n_qubits,,3,quest_cpu_full_state_exact,quest_gpu_full_state_exact,performance_compute,none,native_status_gate_counts,True,0.044169972999952734,0.5890643220009224,0.07498327661386284,0.03845498,0.10571003,0.3637779688455296,AMD Radeon RX 6600 (gfx1032)
research_benchmark_pack_v1,quest_edc_12q_research_perf,edc,12,12,12,n_qubits,,4,quest_cpu_full_state_exact,quest_gpu_full_state_exact,performance_compute,none,native_status_gate_counts,True,0.1897555050018127,0.5805249840013857,0.32686880019165504,0.167239362,0.108005047,1.5484402502042334,AMD Radeon RX 6600 (gfx1032)
research_benchmark_pack_v1,quest_edc_14q_research_perf,edc,14,14,14,n_qubits,,0,quest_cpu_full_state_exact,quest_gpu_full_state_exact,performance_compute,none,native_status_gate_counts,True,0.061228695998579497,0.5941777279986127,0.10304778034144434,0.055834377,0.125976801,0.44321157988445825,AMD Radeon RX 6600 (gfx1032)
research_benchmark_pack_v1,quest_edc_14q_research_perf,edc,14,14,14,n_qubits,,1,quest_cpu_full_state_exact,quest_gpu_full_state_exact,performance_compute,none,native_status_gate_counts,True,0.09331055199800176,0.6186200359989016,0.15083661467144502,0.087694907,0.1307199,0.6708611848693274,AMD Radeon RX 6600 (gfx1032)
research_benchmark_pack_v1,quest_edc_14q_research_perf,edc,14,14,14,n_qubits,,2,quest_cpu_full_state_exact,quest_gpu_full_state_exact,performance_compute,none,native_status_gate_counts,True,1.4594681950002268,0.6040750220017799,2.416037978468056,1.437340996,0.12811017,11.219569812451269,AMD Radeon RX 6600 (gfx1032)
research_benchmark_pack_v1,quest_edc_14q_research_perf,edc,14,14,14,n_qubits,,3,quest_cpu_full_state_exact,quest_gpu_full_state_exact,performance_compute,none,native_status_gate_counts,True,0.2681560469973192,0.648963431998709,0.413206713622429,0.245973033,0.134343863,1.8309212457289545,AMD Radeon RX 6600 (gfx1032)
research_benchmark_pack_v1,quest_edc_14q_research_perf,edc,14,14,14,n_qubits,,4,quest_cpu_full_state_exact,quest_gpu_full_state_exact,performance_compute,none,native_status_gate_counts,True,0.3382260830003361,0.5857388809999975,0.577434918479208,0.314125239,0.123062849,2.552559456834938,AMD Radeon RX 6600 (gfx1032)
research_benchmark_pack_v1,quest_edc_16q_research_correctness,edc,16,16,16,n_qubits,,0,quest_cpu_full_state_exact,quest_gpu_full_state_exact,correctness_wall_and_compute,full_dump,full_statevector,False,0.1070572019998508,3.565609780998784,0.030024935025240583,0.019723763,0.010632038,1.8551253296874972,AMD Radeon RX 6600 (gfx1032)
research_benchmark_pack_v1,quest_edc_16q_research_perf,edc,16,16,16,n_qubits,,0,quest_cpu_full_state_exact,quest_gpu_full_state_exact,performance_compute,none,native_status_gate_counts,True,0.26012846500088926,0.6410349049983779,0.40579454094086737,0.23219295,0.156947851,1.4794273927331443,AMD Radeon RX 6600 (gfx1032)
research_benchmark_pack_v1,quest_edc_16q_research_perf,edc,16,16,16,n_qubits,,1,quest_cpu_full_state_exact,quest_gpu_full_state_exact,performance_compute,none,native_status_gate_counts,True,0.18781244500132743,0.6488873319976847,0.2894376816128036,0.176893464,0.159527063,1.1088617860406544,AMD Radeon RX 6600 (gfx1032)
research_benchmark_pack_v1,quest_edc_16q_research_perf,edc,16,16,16,n_qubits,,2,quest_cpu_full_state_exact,quest_gpu_full_state_exact,performance_compute,none,native_status_gate_counts,True,0.24998681899887742,0.644101761001366,0.38811696246604,0.22116184,0.160324097,1.3794672425318573,AMD Radeon RX 6600 (gfx1032)
research_benchmark_pack_v1,quest_edc_16q_research_perf,edc,16,16,16,n_qubits,,3,quest_cpu_full_state_exact,quest_gpu_full_state_exact,performance_compute,none,native_status_gate_counts,True,0.1780721060022188,0.6636655809998047,0.2683160180372096,0.155978463,0.162042141,0.9625796230376887,AMD Radeon RX 6600 (gfx1032)
research_benchmark_pack_v1,quest_edc_16q_research_perf,edc,16,16,16,n_qubits,,4,quest_cpu_full_state_exact,quest_gpu_full_state_exact,performance_compute,none,native_status_gate_counts,True,0.16276143299910473,0.6257414320025418,0.26010972691743317,0.156901018,0.156302929,1.0038264733989726,AMD Radeon RX 6600 (gfx1032)
research_benchmark_pack_v1,quest_edc_4q_research_correctness,edc,4,4,4,n_qubits,,0,quest_cpu_full_state_exact,quest_gpu_full_state_exact,correctness_wall_and_compute,full_dump,full_statevector,False,0.005222536998189753,0.04438340200067614,0.11766869511512867,0.000471418,0.00050807,0.9278603342059164,AMD Radeon RX 6600 (gfx1032)
research_benchmark_pack_v1,quest_edc_4q_research_perf,edc,4,4,4,n_qubits,,0,quest_cpu_full_state_exact,quest_gpu_full_state_exact,performance_compute,none,native_status_gate_counts,True,0.011404058001062367,0.05352641100034816,0.21305478525336194,0.006065804,0.006994963,0.8671674174688272,AMD Radeon RX 6600 (gfx1032)
research_benchmark_pack_v1,quest_edc_4q_research_perf,edc,4,4,4,n_qubits,,1,quest_cpu_full_state_exact,quest_gpu_full_state_exact,performance_compute,none,native_status_gate_counts,True,0.011522050001076423,0.05211286899793777,0.2210979787263752,0.006234051,0.007026911,0.8871680600480069,AMD Radeon RX 6600 (gfx1032)
research_benchmark_pack_v1,quest_edc_4q_research_perf,edc,4,4,4,n_qubits,,2,quest_cpu_full_state_exact,quest_gpu_full_state_exact,performance_compute,none,native_status_gate_counts,True,0.011227045000850921,0.0523576099985803,0.21443005135557844,0.006060064,0.007056952,0.8587367464026963,AMD Radeon RX 6600 (gfx1032)
research_benchmark_pack_v1,quest_edc_4q_research_perf,edc,4,4,4,n_qubits,,3,quest_cpu_full_state_exact,quest_gpu_full_state_exact,performance_compute,none,native_status_gate_counts,True,0.01145556499977829,0.052855468002235284,0.2167337729238123,0.006022553,0.007116079,0.8463302613700606,AMD Radeon RX 6600 (gfx1032)
research_benchmark_pack_v1,quest_edc_4q_research_perf,edc,4,4,4,n_qubits,,4,quest_cpu_full_state_exact,quest_gpu_full_state_exact,performance_compute,none,native_status_gate_counts,True,0.011601369998970767,0.051867357000446646,0.22367382241726458,0.006058631,0.007524967,0.8051372185419551,AMD Radeon RX 6600 (gfx1032)
research_benchmark_pack_v1,quest_edc_6q_research_perf,edc,6,6,6,n_qubits,,0,quest_cpu_full_state_exact,quest_gpu_full_state_exact,performance_compute,none,native_status_gate_counts,True,0.021542462000070373,0.05872823699974106,0.3668160854235307,0.011162063,0.011294127,0.988306843016729,AMD Radeon RX 6600 (gfx1032)
research_benchmark_pack_v1,quest_edc_6q_research_perf,edc,6,6,6,n_qubits,,1,quest_cpu_full_state_exact,quest_gpu_full_state_exact,performance_compute,none,native_status_gate_counts,True,0.01400193000154104,0.05439176000072621,0.2574274118240354,0.008659048,0.011327982,0.7643945761919467,AMD Radeon RX 6600 (gfx1032)
research_benchmark_pack_v1,quest_edc_6q_research_perf,edc,6,6,6,n_qubits,,2,quest_cpu_full_state_exact,quest_gpu_full_state_exact,performance_compute,none,native_status_gate_counts,True,0.019925657998101087,0.057546981999621494,0.3462502690103218,0.009975027,0.01138711,0.8759928550791201,AMD Radeon RX 6600 (gfx1032)
research_benchmark_pack_v1,quest_edc_6q_research_perf,edc,6,6,6,n_qubits,,3,quest_cpu_full_state_exact,quest_gpu_full_state_exact,performance_compute,none,native_status_gate_counts,True,0.013896152002416784,0.05761329699816997,0.24119695845315328,0.008702681,0.011506081,0.7563549222363375,AMD Radeon RX 6600 (gfx1032)
research_benchmark_pack_v1,quest_edc_6q_research_perf,edc,6,6,6,n_qubits,,4,quest_cpu_full_state_exact,quest_gpu_full_state_exact,performance_compute,none,native_status_gate_counts,True,0.02160756500234129,0.0579798180006037,0.3726739018414357,0.008721405,0.011434078,0.7627554228683764,AMD Radeon RX 6600 (gfx1032)
research_benchmark_pack_v1,quest_edc_8q_research_correctness,edc,8,8,8,n_qubits,,0,quest_cpu_full_state_exact,quest_gpu_full_state_exact,correctness_wall_and_compute,full_dump,full_statevector,False,0.05483099599950947,0.05108891099735047,1.0732465211942581,0.048603085,0.001127958,43.08944570631176,AMD Radeon RX 6600 (gfx1032)
research_benchmark_pack_v1,quest_edc_8q_research_perf,edc,8,8,8,n_qubits,,0,quest_cpu_full_state_exact,quest_gpu_full_state_exact,performance_compute,none,native_status_gate_counts,True,0.07896190300016315,0.08534557600069093,0.9252020631921671,0.053480783,0.03807497,1.404617863126353,AMD Radeon RX 6600 (gfx1032)
research_benchmark_pack_v1,quest_edc_8q_research_perf,edc,8,8,8,n_qubits,,1,quest_cpu_full_state_exact,quest_gpu_full_state_exact,performance_compute,none,native_status_gate_counts,True,0.07150477899995167,0.10003263700127718,0.7148144959833331,0.049572092,0.052745104,0.9398425302185393,AMD Radeon RX 6600 (gfx1032)
research_benchmark_pack_v1,quest_edc_8q_research_perf,edc,8,8,8,n_qubits,,2,quest_cpu_full_state_exact,quest_gpu_full_state_exact,performance_compute,none,native_status_gate_counts,True,0.16597095200268086,0.07836849600062123,2.1178274494557763,0.144181745,0.031282902,4.608963228539347,AMD Radeon RX 6600 (gfx1032)
research_benchmark_pack_v1,quest_edc_8q_research_perf,edc,8,8,8,n_qubits,,3,quest_cpu_full_state_exact,quest_gpu_full_state_exact,performance_compute,none,native_status_gate_counts,True,0.06473943700257223,0.0838591270003235,0.7720022771322493,0.040005745,0.032659054,1.2249511268758735,AMD Radeon RX 6600 (gfx1032)
research_benchmark_pack_v1,quest_edc_8q_research_perf,edc,8,8,8,n_qubits,,4,quest_cpu_full_state_exact,quest_gpu_full_state_exact,performance_compute,none,native_status_gate_counts,True,0.03798326600008295,0.0831902669997362,0.456583051959713,0.032215744,0.038683891,0.8327948189079531,AMD Radeon RX 6600 (gfx1032)
research_benchmark_pack_v1,quest_hs_10q_research_perf,hs,10,10,10,n_qubits,,0,quest_cpu_full_state_exact,quest_gpu_full_state_exact,performance_compute,none,native_status_gate_counts,True,0.03498819999731495,0.10884214399993652,0.3214582027834306,0.029502462,0.065466881,0.4506471295004874,AMD Radeon RX 6600 (gfx1032)
research_benchmark_pack_v1,quest_hs_10q_research_perf,hs,10,10,10,n_qubits,,1,quest_cpu_full_state_exact,quest_gpu_full_state_exact,performance_compute,none,native_status_gate_counts,True,0.032372024998039706,0.0784037299999909,0.4128888382994465,0.026988578,0.032409906,0.832726204142647,AMD Radeon RX 6600 (gfx1032)
research_benchmark_pack_v1,quest_hs_10q_research_perf,hs,10,10,10,n_qubits,,2,quest_cpu_full_state_exact,quest_gpu_full_state_exact,performance_compute,none,native_status_gate_counts,True,0.04797910200068145,0.11155147299723467,0.430107292279958,0.041301438,0.065727949,0.628369493166446,AMD Radeon RX 6600 (gfx1032)
research_benchmark_pack_v1,quest_hs_10q_research_perf,hs,10,10,10,n_qubits,,3,quest_cpu_full_state_exact,quest_gpu_full_state_exact,performance_compute,none,native_status_gate_counts,True,0.08443983399774879,0.08075855300194235,1.0455837909294623,0.063669575,0.03500104,1.819076661722052,AMD Radeon RX 6600 (gfx1032)
research_benchmark_pack_v1,quest_hs_10q_research_perf,hs,10,10,10,n_qubits,,4,quest_cpu_full_state_exact,quest_gpu_full_state_exact,performance_compute,none,native_status_gate_counts,True,0.0785084659983113,0.09186058599880198,0.8546479988635733,0.056646801,0.045119047,1.2554963982284464,AMD Radeon RX 6600 (gfx1032)
research_benchmark_pack_v1,quest_hs_12q_research_correctness,hs,12,12,12,n_qubits,,0,quest_cpu_full_state_exact,quest_gpu_full_state_exact,correctness_wall_and_compute,full_dump,full_statevector,False,0.013137753001501551,0.6887422489999153,0.01907499216227574,0.001731474,0.006740093,0.25689170757732865,AMD Radeon RX 6600 (gfx1032)
research_benchmark_pack_v1,quest_hs_12q_research_perf,hs,12,12,12,n_qubits,,0,quest_cpu_full_state_exact,quest_gpu_full_state_exact,performance_compute,none,native_status_gate_counts,True,0.05384625799706555,0.5782695859998057,0.09311618542754148,0.048188023,0.108405113,0.4445179905859238,AMD Radeon RX 6600 (gfx1032)
research_benchmark_pack_v1,quest_hs_12q_research_perf,hs,12,12,12,n_qubits,,1,quest_cpu_full_state_exact,quest_gpu_full_state_exact,performance_compute,none,native_status_gate_counts,True,0.08379083899853867,0.5947091719972377,0.14089380649223932,0.078259665,0.115880013,0.6753508476047548,AMD Radeon RX 6600 (gfx1032)
research_benchmark_pack_v1,quest_hs_12q_research_perf,hs,12,12,12,n_qubits,,2,quest_cpu_full_state_exact,quest_gpu_full_state_exact,performance_compute,none,native_status_gate_counts,True,0.05021745400154032,0.59338076199856,0.0846293934983726,0.044490992,0.109824896,0.40510843734375124,AMD Radeon RX 6600 (gfx1032)
research_benchmark_pack_v1,quest_hs_12q_research_perf,hs,12,12,12,n_qubits,,3,quest_cpu_full_state_exact,quest_gpu_full_state_exact,performance_compute,none,native_status_gate_counts,True,0.06397043700053473,0.6023291970013815,0.10620510730511376,0.047026215,0.110981941,0.42372853255467935,AMD Radeon RX 6600 (gfx1032)
research_benchmark_pack_v1,quest_hs_12q_research_perf,hs,12,12,12,n_qubits,,4,quest_cpu_full_state_exact,quest_gpu_full_state_exact,performance_compute,none,native_status_gate_counts,True,0.04026333000001614,0.5776606600011291,0.06970066128432122,0.034397566,0.106302977,0.3235804581465296,AMD Radeon RX 6600 (gfx1032)
research_benchmark_pack_v1,quest_hs_14q_research_perf,hs,14,14,14,n_qubits,,0,quest_cpu_full_state_exact,quest_gpu_full_state_exact,performance_compute,none,native_status_gate_counts,True,0.07387195799674373,0.6081603650018224,0.12146789275970389,0.06824294,0.130672932,0.5222423569710674,AMD Radeon RX 6600 (gfx1032)
research_benchmark_pack_v1,quest_hs_14q_research_perf,hs,14,14,14,n_qubits,,1,quest_cpu_full_state_exact,quest_gpu_full_state_exact,performance_compute,none,native_status_gate_counts,True,0.0639924159986549,0.5925380660009978,0.10799713920581627,0.058529381,0.127577066,0.45877666601926714,AMD Radeon RX 6600 (gfx1032)
research_benchmark_pack_v1,quest_hs_14q_research_perf,hs,14,14,14,n_qubits,,2,quest_cpu_full_state_exact,quest_gpu_full_state_exact,performance_compute,none,native_status_gate_counts,True,0.17257848100052797,0.6005280229983327,0.28737789810186276,0.150304794,0.12907505,1.1644759696006315,AMD Radeon RX 6600 (gfx1032)
research_benchmark_pack_v1,quest_hs_14q_research_perf,hs,14,14,14,n_qubits,,3,quest_cpu_full_state_exact,quest_gpu_full_state_exact,performance_compute,none,native_status_gate_counts,True,0.23697471199920983,0.5956350209999073,0.3978522142660358,0.214498143,0.128586054,1.6681291347504916,AMD Radeon RX 6600 (gfx1032)
research_benchmark_pack_v1,quest_hs_14q_research_perf,hs,14,14,14,n_qubits,,4,quest_cpu_full_state_exact,quest_gpu_full_state_exact,performance_compute,none,native_status_gate_counts,True,0.11608950200024992,0.6363371430015832,0.1824339554542726,0.094808354,0.133239031,0.7115659224510571,AMD Radeon RX 6600 (gfx1032)
research_benchmark_pack_v1,quest_hs_16q_research_correctness,hs,16,16,16,n_qubits,,0,quest_cpu_full_state_exact,quest_gpu_full_state_exact,correctness_wall_and_compute,full_dump,full_statevector,False,0.10309979600060615,3.5949553010032105,0.02867902028485168,0.011901471,0.01157999,1.0277617683607672,AMD Radeon RX 6600 (gfx1032)
research_benchmark_pack_v1,quest_hs_16q_research_perf,hs,16,16,16,n_qubits,,0,quest_cpu_full_state_exact,quest_gpu_full_state_exact,performance_compute,none,native_status_gate_counts,True,1.3841612020005414,0.6421319969995238,2.1555711418653503,1.355588518,0.162929773,8.320078602208573,AMD Radeon RX 6600 (gfx1032)
research_benchmark_pack_v1,quest_hs_16q_research_perf,hs,16,16,16,n_qubits,,1,quest_cpu_full_state_exact,quest_gpu_full_state_exact,performance_compute,none,native_status_gate_counts,True,0.17750261300170678,0.6266132609998749,0.28327299157133895,0.150025822,0.16367507,0.9166076544216538,AMD Radeon RX 6600 (gfx1032)
research_benchmark_pack_v1,quest_hs_16q_research_perf,hs,16,16,16,n_qubits,,2,quest_cpu_full_state_exact,quest_gpu_full_state_exact,performance_compute,none,native_status_gate_counts,True,0.13277413299874752,0.6401210700023512,0.20742034471425824,0.126938506,0.165971041,0.7648232199736579,AMD Radeon RX 6600 (gfx1032)
research_benchmark_pack_v1,quest_hs_16q_research_perf,hs,16,16,16,n_qubits,,3,quest_cpu_full_state_exact,quest_gpu_full_state_exact,performance_compute,none,native_status_gate_counts,True,0.12792029200136312,0.6372170050017303,0.20074839653881454,0.121985189,0.161499977,0.7553263552477162,AMD Radeon RX 6600 (gfx1032)
research_benchmark_pack_v1,quest_hs_16q_research_perf,hs,16,16,16,n_qubits,,4,quest_cpu_full_state_exact,quest_gpu_full_state_exact,performance_compute,none,native_status_gate_counts,True,0.1280093079985818,0.6368199110002024,0.201013356817829,0.122505736,0.162073135,0.7558670102852024,AMD Radeon RX 6600 (gfx1032)
research_benchmark_pack_v1,quest_hs_4q_research_correctness,hs,4,4,4,n_qubits,,0,quest_cpu_full_state_exact,quest_gpu_full_state_exact,correctness_wall_and_compute,full_dump,full_statevector,False,0.010673960998246912,0.04465412399804336,0.23903639893853074,0.000492017,0.000526905,0.9337869255368614,AMD Radeon RX 6600 (gfx1032)
research_benchmark_pack_v1,quest_hs_4q_research_perf,hs,4,4,4,n_qubits,,0,quest_cpu_full_state_exact,quest_gpu_full_state_exact,performance_compute,none,native_status_gate_counts,True,0.011590514997806167,0.04989729599765269,0.23228743694550938,0.006239179,0.007279873,0.8570450336152843,AMD Radeon RX 6600 (gfx1032)
research_benchmark_pack_v1,quest_hs_4q_research_perf,hs,4,4,4,n_qubits,,1,quest_cpu_full_state_exact,quest_gpu_full_state_exact,performance_compute,none,native_status_gate_counts,True,0.012921550998726161,0.05112720200122567,0.25273338835198517,0.007578821,0.007367849,1.028634137317418,AMD Radeon RX 6600 (gfx1032)
research_benchmark_pack_v1,quest_hs_4q_research_perf,hs,4,4,4,n_qubits,,2,quest_cpu_full_state_exact,quest_gpu_full_state_exact,performance_compute,none,native_status_gate_counts,True,0.011577429999306332,0.05099165799765615,0.22704556890145627,0.006327945,0.007324934,0.8638910603153557,AMD Radeon RX 6600 (gfx1032)
research_benchmark_pack_v1,quest_hs_4q_research_perf,hs,4,4,4,n_qubits,,3,quest_cpu_full_state_exact,quest_gpu_full_state_exact,performance_compute,none,native_status_gate_counts,True,0.01785577199916588,0.052192989001923706,0.3421105466580533,0.007787654,0.007306099,1.0659113707602375,AMD Radeon RX 6600 (gfx1032)
research_benchmark_pack_v1,quest_hs_4q_research_perf,hs,4,4,4,n_qubits,,4,quest_cpu_full_state_exact,quest_gpu_full_state_exact,performance_compute,none,native_status_gate_counts,True,0.011578402998566162,0.05225113799679093,0.22159140341167813,0.006245962,0.007341862,0.8507326887920258,AMD Radeon RX 6600 (gfx1032)
research_benchmark_pack_v1,quest_hs_6q_research_perf,hs,6,6,6,n_qubits,,0,quest_cpu_full_state_exact,quest_gpu_full_state_exact,performance_compute,none,native_status_gate_counts,True,0.01968329300143523,0.05657645199971739,0.3479061041426485,0.009689546,0.011236906,0.8622966143883379,AMD Radeon RX 6600 (gfx1032)
research_benchmark_pack_v1,quest_hs_6q_research_perf,hs,6,6,6,n_qubits,,1,quest_cpu_full_state_exact,quest_gpu_full_state_exact,performance_compute,none,native_status_gate_counts,True,0.014226998999220086,0.055493573996500345,0.2563720080475858,0.008916801,0.009047985,0.9855013022236443,AMD Radeon RX 6600 (gfx1032)
research_benchmark_pack_v1,quest_hs_6q_research_perf,hs,6,6,6,n_qubits,,2,quest_cpu_full_state_exact,quest_gpu_full_state_exact,performance_compute,none,native_status_gate_counts,True,0.015371194000181276,0.05651476599814487,0.27198544891233994,0.00878422,0.011543989,0.7609345435100467,AMD Radeon RX 6600 (gfx1032)
research_benchmark_pack_v1,quest_hs_6q_research_perf,hs,6,6,6,n_qubits,,3,quest_cpu_full_state_exact,quest_gpu_full_state_exact,performance_compute,none,native_status_gate_counts,True,0.018636942997545702,0.05603435200100648,0.33259852808168366,0.009693833,0.011125088,0.8713488828133316,AMD Radeon RX 6600 (gfx1032)
research_benchmark_pack_v1,quest_hs_6q_research_perf,hs,6,6,6,n_qubits,,4,quest_cpu_full_state_exact,quest_gpu_full_state_exact,performance_compute,none,native_status_gate_counts,True,0.013970977001008578,0.056504015999962576,0.2472563543274133,0.008652262,0.011543989,0.7495036594369591,AMD Radeon RX 6600 (gfx1032)
research_benchmark_pack_v1,quest_hs_8q_research_correctness,hs,8,8,8,n_qubits,,0,quest_cpu_full_state_exact,quest_gpu_full_state_exact,correctness_wall_and_compute,full_dump,full_statevector,False,0.006490924999525305,0.04772145199967781,0.13601692168899487,0.001166669,0.003048897,0.3826528085402688,AMD Radeon RX 6600 (gfx1032)
research_benchmark_pack_v1,quest_hs_8q_research_perf,hs,8,8,8,n_qubits,,0,quest_cpu_full_state_exact,quest_gpu_full_state_exact,performance_compute,none,native_status_gate_counts,True,0.025171106000925647,0.09608953300266876,0.26195471259316616,0.019839777,0.048890114,0.4058034513889659,AMD Radeon RX 6600 (gfx1032)
research_benchmark_pack_v1,quest_hs_8q_research_perf,hs,8,8,8,n_qubits,,1,quest_cpu_full_state_exact,quest_gpu_full_state_exact,performance_compute,none,native_status_gate_counts,True,0.02438103799795499,0.09003904100245563,0.2707829595529571,0.019048828,0.046181202,0.41248012557143926,AMD Radeon RX 6600 (gfx1032)
research_benchmark_pack_v1,quest_hs_8q_research_perf,hs,8,8,8,n_qubits,,2,quest_cpu_full_state_exact,quest_gpu_full_state_exact,performance_compute,none,native_status_gate_counts,True,0.04209187699962058,0.07440158499957761,0.5657389825748946,0.020280618,0.027719975,0.7316246858086993,AMD Radeon RX 6600 (gfx1032)
research_benchmark_pack_v1,quest_hs_8q_research_perf,hs,8,8,8,n_qubits,,3,quest_cpu_full_state_exact,quest_gpu_full_state_exact,performance_compute,none,native_status_gate_counts,True,0.04021963299965137,0.09814929099957226,0.40978016845609866,0.034707052,0.053724051,0.6460244779381957,AMD Radeon RX 6600 (gfx1032)
research_benchmark_pack_v1,quest_hs_8q_research_perf,hs,8,8,8,n_qubits,,4,quest_cpu_full_state_exact,quest_gpu_full_state_exact,performance_compute,none,native_status_gate_counts,True,0.15435950300161494,0.09187043800193351,1.6801868627029544,0.132128894,0.047708035,2.7695312540120334,AMD Radeon RX 6600 (gfx1032)
research_benchmark_pack_v1,quest_qrng_10q_research_perf,qrng,10,10,10,n_qubits,,0,quest_cpu_full_state_exact,quest_gpu_full_state_exact,performance_compute,none,native_status_gate_counts,True,0.009366662001411896,0.052016637000633636,0.18007050323722,0.004206747,0.00503993,0.8346836166375328,AMD Radeon RX 6600 (gfx1032)
research_benchmark_pack_v1,quest_qrng_10q_research_perf,qrng,10,10,10,n_qubits,,1,quest_cpu_full_state_exact,quest_gpu_full_state_exact,performance_compute,none,native_status_gate_counts,True,0.009800768999411957,0.05775941899992176,0.169682610544009,0.004466828,0.014129877,0.3161264602657192,AMD Radeon RX 6600 (gfx1032)
research_benchmark_pack_v1,quest_qrng_10q_research_perf,qrng,10,10,10,n_qubits,,2,quest_cpu_full_state_exact,quest_gpu_full_state_exact,performance_compute,none,native_status_gate_counts,True,0.024063729000772582,0.04960279800070566,0.4851284598991824,0.005264791,0.004976988,1.057826741796444,AMD Radeon RX 6600 (gfx1032)
research_benchmark_pack_v1,quest_qrng_10q_research_perf,qrng,10,10,10,n_qubits,,3,quest_cpu_full_state_exact,quest_gpu_full_state_exact,performance_compute,none,native_status_gate_counts,True,0.009960110000974964,0.050273791999643436,0.1981173411594973,0.004537751,0.005470991,0.8294203006365757,AMD Radeon RX 6600 (gfx1032)
research_benchmark_pack_v1,quest_qrng_10q_research_perf,qrng,10,10,10,n_qubits,,4,quest_cpu_full_state_exact,quest_gpu_full_state_exact,performance_compute,none,native_status_gate_counts,True,0.010048916999949142,0.04939361300057499,0.20344567626247878,0.004728661,0.005042076,0.9378400880906992,AMD Radeon RX 6600 (gfx1032)
research_benchmark_pack_v1,quest_qrng_12q_research_correctness,qrng,12,12,12,n_qubits,,0,quest_cpu_full_state_exact,quest_gpu_full_state_exact,correctness_wall_and_compute,full_dump,full_statevector,False,0.01189955799782183,0.6739154220013006,0.017657346321715228,0.000452163,0.003249884,0.13913204286676079,AMD Radeon RX 6600 (gfx1032)
research_benchmark_pack_v1,quest_qrng_12q_research_perf,qrng,12,12,12,n_qubits,,0,quest_cpu_full_state_exact,quest_gpu_full_state_exact,performance_compute,none,native_status_gate_counts,True,0.011777433999668574,0.48618023800008814,0.024224419421314362,0.006117579,0.026072025,0.23464149792737618,AMD Radeon RX 6600 (gfx1032)
research_benchmark_pack_v1,quest_qrng_12q_research_perf,qrng,12,12,12,n_qubits,,1,quest_cpu_full_state_exact,quest_gpu_full_state_exact,performance_compute,none,native_status_gate_counts,True,0.011783876998379128,0.48857463500098675,0.024118888198842597,0.00615505,0.02644515,0.232747781729353,AMD Radeon RX 6600 (gfx1032)
research_benchmark_pack_v1,quest_qrng_12q_research_perf,qrng,12,12,12,n_qubits,,2,quest_cpu_full_state_exact,quest_gpu_full_state_exact,performance_compute,none,native_status_gate_counts,True,0.010966416000883328,0.4855193209987192,0.022586981663933116,0.005799008,0.026693106,0.21724740462949493,AMD Radeon RX 6600 (gfx1032)
research_benchmark_pack_v1,quest_qrng_12q_research_perf,qrng,12,12,12,n_qubits,,3,quest_cpu_full_state_exact,quest_gpu_full_state_exact,performance_compute,none,native_status_gate_counts,True,0.012569737999001518,0.4931034080000245,0.025491079142979465,0.007150665,0.026457071,0.2702742491789813,AMD Radeon RX 6600 (gfx1032)
research_benchmark_pack_v1,quest_qrng_12q_research_perf,qrng,12,12,12,n_qubits,,4,quest_cpu_full_state_exact,quest_gpu_full_state_exact,performance_compute,none,native_status_gate_counts,True,0.011777183000958757,0.5123376299998199,0.02298715204847026,0.006621929,0.027957916,0.23685345502862232,AMD Radeon RX 6600 (gfx1032)
research_benchmark_pack_v1,quest_qrng_14q_research_perf,qrng,14,14,14,n_qubits,,0,quest_cpu_full_state_exact,quest_gpu_full_state_exact,performance_compute,none,native_status_gate_counts,True,0.040468250001140404,0.5170961059993715,0.07826059707591299,0.019135129,0.032396793,0.5906488645342148,AMD Radeon RX 6600 (gfx1032)
research_benchmark_pack_v1,quest_qrng_14q_research_perf,qrng,14,14,14,n_qubits,,1,quest_cpu_full_state_exact,quest_gpu_full_state_exact,performance_compute,none,native_status_gate_counts,True,0.060512953001307324,0.5086296509980457,0.1189725232938491,0.054174648,0.031793118,1.7039740487233745,AMD Radeon RX 6600 (gfx1032)
research_benchmark_pack_v1,quest_qrng_14q_research_perf,qrng,14,14,14,n_qubits,,2,quest_cpu_full_state_exact,quest_gpu_full_state_exact,performance_compute,none,native_status_gate_counts,True,0.2546428729983745,0.5047774049999134,0.5044656723460477,0.231983914,0.033937931,6.835534965287072,AMD Radeon RX 6600 (gfx1032)
research_benchmark_pack_v1,quest_qrng_14q_research_perf,qrng,14,14,14,n_qubits,,3,quest_cpu_full_state_exact,quest_gpu_full_state_exact,performance_compute,none,native_status_gate_counts,True,0.01572208700235933,0.49885409899798105,0.0315164033611017,0.010526726,0.031512976,0.33404417278774307,AMD Radeon RX 6600 (gfx1032)
research_benchmark_pack_v1,quest_qrng_14q_research_perf,qrng,14,14,14,n_qubits,,4,quest_cpu_full_state_exact,quest_gpu_full_state_exact,performance_compute,none,native_status_gate_counts,True,0.015622299000824569,0.4935768569994252,0.031651198347905446,0.010381463,0.032592058,0.31852738480030934,AMD Radeon RX 6600 (gfx1032)
research_benchmark_pack_v1,quest_qrng_16q_research_correctness,qrng,16,16,16,n_qubits,,0,quest_cpu_full_state_exact,quest_gpu_full_state_exact,correctness_wall_and_compute,full_dump,full_statevector,False,0.08749009299936006,3.6166597609990276,0.02419085531429496,0.001703303,0.002745152,0.6204767531998229,AMD Radeon RX 6600 (gfx1032)
research_benchmark_pack_v1,quest_qrng_16q_research_perf,qrng,16,16,16,n_qubits,,0,quest_cpu_full_state_exact,quest_gpu_full_state_exact,performance_compute,none,native_status_gate_counts,True,0.04737077399840928,0.5186565329968289,0.09133361094421788,0.041381819,0.042557001,0.9723856951292221,AMD Radeon RX 6600 (gfx1032)
research_benchmark_pack_v1,quest_qrng_16q_research_perf,qrng,16,16,16,n_qubits,,1,quest_cpu_full_state_exact,quest_gpu_full_state_exact,performance_compute,none,native_status_gate_counts,True,0.04012852700179792,0.5484619640010351,0.07316556048674724,0.034484351,0.044959068,0.7670165894008302,AMD Radeon RX 6600 (gfx1032)
research_benchmark_pack_v1,quest_qrng_16q_research_perf,qrng,16,16,16,n_qubits,,2,quest_cpu_full_state_exact,quest_gpu_full_state_exact,performance_compute,none,native_status_gate_counts,True,0.059485861002031015,0.5135652780008968,0.11582921110552015,0.036913037,0.043070078,0.8570459751663325,AMD Radeon RX 6600 (gfx1032)
research_benchmark_pack_v1,quest_qrng_16q_research_perf,qrng,16,16,16,n_qubits,,3,quest_cpu_full_state_exact,quest_gpu_full_state_exact,performance_compute,none,native_status_gate_counts,True,0.0397874829977809,0.5123155679975753,0.07766206120437318,0.033801343,0.04022193,0.8403709866731903,AMD Radeon RX 6600 (gfx1032)
research_benchmark_pack_v1,quest_qrng_16q_research_perf,qrng,16,16,16,n_qubits,,4,quest_cpu_full_state_exact,quest_gpu_full_state_exact,performance_compute,none,native_status_gate_counts,True,0.17700436099767103,0.5250709169995389,0.33710562757721063,0.15166807,0.040626049,3.7332714781100176,AMD Radeon RX 6600 (gfx1032)
research_benchmark_pack_v1,quest_qrng_4q_research_correctness,qrng,4,4,4,n_qubits,,0,quest_cpu_full_state_exact,quest_gpu_full_state_exact,correctness_wall_and_compute,full_dump,full_statevector,False,0.013407762999122497,0.04653418499947293,0.28812716929015436,0.000145104,0.000154972,0.9363239811062645,AMD Radeon RX 6600 (gfx1032)
research_benchmark_pack_v1,quest_qrng_4q_research_perf,qrng,4,4,4,n_qubits,,0,quest_cpu_full_state_exact,quest_gpu_full_state_exact,performance_compute,none,native_status_gate_counts,True,0.017470214002969442,0.046905044997402,0.37245916732277073,0.001495178,0.001569033,0.9529296069617401,AMD Radeon RX 6600 (gfx1032)
research_benchmark_pack_v1,quest_qrng_4q_research_perf,qrng,4,4,4,n_qubits,,1,quest_cpu_full_state_exact,quest_gpu_full_state_exact,performance_compute,none,native_status_gate_counts,True,0.007108776000677608,0.048270767998474184,0.1472687569607824,0.001489297,0.001531124,0.9726821602953125,AMD Radeon RX 6600 (gfx1032)
research_benchmark_pack_v1,quest_qrng_4q_research_perf,qrng,4,4,4,n_qubits,,2,quest_cpu_full_state_exact,quest_gpu_full_state_exact,performance_compute,none,native_status_gate_counts,True,0.011582116996578407,0.046768387001066,0.24764841678876828,0.001507561,0.001534939,0.9821634605674884,AMD Radeon RX 6600 (gfx1032)
research_benchmark_pack_v1,quest_qrng_4q_research_perf,qrng,4,4,4,n_qubits,,3,quest_cpu_full_state_exact,quest_gpu_full_state_exact,performance_compute,none,native_status_gate_counts,True,0.006733540001732763,0.04595039499690756,0.14653932794671137,0.001488455,0.001538038,0.9677621749267573,AMD Radeon RX 6600 (gfx1032)
research_benchmark_pack_v1,quest_qrng_4q_research_perf,qrng,4,4,4,n_qubits,,4,quest_cpu_full_state_exact,quest_gpu_full_state_exact,performance_compute,none,native_status_gate_counts,True,0.006901366003148723,0.04519414999958826,0.15270485235836048,0.001486421,0.001522064,0.9765824564538678,AMD Radeon RX 6600 (gfx1032)
research_benchmark_pack_v1,quest_qrng_6q_research_perf,qrng,6,6,6,n_qubits,,0,quest_cpu_full_state_exact,quest_gpu_full_state_exact,performance_compute,none,native_status_gate_counts,True,0.007338970997807337,0.04634152200014796,0.15836706869023215,0.002245512,0.002315998,0.9695656041153747,AMD Radeon RX 6600 (gfx1032)
research_benchmark_pack_v1,quest_qrng_6q_research_perf,qrng,6,6,6,n_qubits,,1,quest_cpu_full_state_exact,quest_gpu_full_state_exact,performance_compute,none,native_status_gate_counts,True,0.01206251199982944,0.04623301800165791,0.2609068696185241,0.002221807,0.002330065,0.9535386351882887,AMD Radeon RX 6600 (gfx1032)
research_benchmark_pack_v1,quest_qrng_6q_research_perf,qrng,6,6,6,n_qubits,,2,quest_cpu_full_state_exact,quest_gpu_full_state_exact,performance_compute,none,native_status_gate_counts,True,0.007524349999584956,0.04894456800320768,0.15373207500966876,0.002235393,0.002321005,0.9631142543854925,AMD Radeon RX 6600 (gfx1032)
research_benchmark_pack_v1,quest_qrng_6q_research_perf,qrng,6,6,6,n_qubits,,3,quest_cpu_full_state_exact,quest_gpu_full_state_exact,performance_compute,none,native_status_gate_counts,True,0.01211800699820742,0.04506985600164626,0.26887165997967216,0.002277271,0.002303839,0.9884679441575562,AMD Radeon RX 6600 (gfx1032)
research_benchmark_pack_v1,quest_qrng_6q_research_perf,qrng,6,6,6,n_qubits,,4,quest_cpu_full_state_exact,quest_gpu_full_state_exact,performance_compute,none,native_status_gate_counts,True,0.009365649999381276,0.044960420000279555,0.2083087746805533,0.002270038,0.002346992,0.9672116479306277,AMD Radeon RX 6600 (gfx1032)
research_benchmark_pack_v1,quest_qrng_8q_research_correctness,qrng,8,8,8,n_qubits,,0,quest_cpu_full_state_exact,quest_gpu_full_state_exact,correctness_wall_and_compute,full_dump,full_statevector,False,0.0053961189987603575,0.043734282997320406,0.12338418807714252,0.000309093,0.000289917,1.0661430685334077,AMD Radeon RX 6600 (gfx1032)
research_benchmark_pack_v1,quest_qrng_8q_research_perf,qrng,8,8,8,n_qubits,,0,quest_cpu_full_state_exact,quest_gpu_full_state_exact,performance_compute,none,native_status_gate_counts,True,0.05671613400045317,0.05183164899790427,1.0942374996162363,0.035787703,0.00346899,10.316461852008798,AMD Radeon RX 6600 (gfx1032)
research_benchmark_pack_v1,quest_qrng_8q_research_perf,qrng,8,8,8,n_qubits,,1,quest_cpu_full_state_exact,quest_gpu_full_state_exact,performance_compute,none,native_status_gate_counts,True,0.00849051100158249,0.04795299900069949,0.17705901984271388,0.003349332,0.004750013,0.7051205965120516,AMD Radeon RX 6600 (gfx1032)
research_benchmark_pack_v1,quest_qrng_8q_research_perf,qrng,8,8,8,n_qubits,,2,quest_cpu_full_state_exact,quest_gpu_full_state_exact,performance_compute,none,native_status_gate_counts,True,0.009800539999559987,0.04869803200199385,0.20125125383216147,0.004533393,0.003427029,1.3228347352765326,AMD Radeon RX 6600 (gfx1032)
research_benchmark_pack_v1,quest_qrng_8q_research_perf,qrng,8,8,8,n_qubits,,3,quest_cpu_full_state_exact,quest_gpu_full_state_exact,performance_compute,none,native_status_gate_counts,True,0.009079550000024028,0.047179712000797736,0.19244606664556382,0.003608481,0.004458904,0.8092753286457839,AMD Radeon RX 6600 (gfx1032)
research_benchmark_pack_v1,quest_qrng_8q_research_perf,qrng,8,8,8,n_qubits,,4,quest_cpu_full_state_exact,quest_gpu_full_state_exact,performance_compute,none,native_status_gate_counts,True,0.0437852950017259,0.04781620100038708,0.9156999946811217,0.021792208,0.003461123,6.296282449366868,AMD Radeon RX 6600 (gfx1032)
research_benchmark_pack_v1,quest_xor_10q_research_perf,xor,10,10,10,n_qubits,,0,quest_cpu_full_state_exact,quest_gpu_full_state_exact,performance_compute,none,native_status_gate_counts,True,0.21071244399718125,0.062102749001496704,3.3929648427012946,0.188527199,0.015952826,11.817793223595618,AMD Radeon RX 6600 (gfx1032)
research_benchmark_pack_v1,quest_xor_10q_research_perf,xor,10,10,10,n_qubits,,1,quest_cpu_full_state_exact,quest_gpu_full_state_exact,performance_compute,none,native_status_gate_counts,True,0.021953308998490684,0.057976395000878256,0.3786594354160538,0.016568324,0.013687849,1.2104402963533567,AMD Radeon RX 6600 (gfx1032)
research_benchmark_pack_v1,quest_xor_10q_research_perf,xor,10,10,10,n_qubits,,2,quest_cpu_full_state_exact,quest_gpu_full_state_exact,performance_compute,none,native_status_gate_counts,True,0.017728779999742983,0.06254248700133758,0.2834677808601347,0.012555734,0.019252062,0.652176063010809,AMD Radeon RX 6600 (gfx1032)
research_benchmark_pack_v1,quest_xor_10q_research_perf,xor,10,10,10,n_qubits,,3,quest_cpu_full_state_exact,quest_gpu_full_state_exact,performance_compute,none,native_status_gate_counts,True,0.02080318200023612,0.07380406299853348,0.2818704168176959,0.01548365,0.0294981,0.5249032988565365,AMD Radeon RX 6600 (gfx1032)
research_benchmark_pack_v1,quest_xor_10q_research_perf,xor,10,10,10,n_qubits,,4,quest_cpu_full_state_exact,quest_gpu_full_state_exact,performance_compute,none,native_status_gate_counts,True,0.018386609001026955,0.07510639600150171,0.24480749949257752,0.012754308,0.030282974,0.4211709193423341,AMD Radeon RX 6600 (gfx1032)
research_benchmark_pack_v1,quest_xor_12q_research_correctness,xor,12,12,12,n_qubits,,0,quest_cpu_full_state_exact,quest_gpu_full_state_exact,correctness_wall_and_compute,full_dump,full_statevector,False,0.06452863899903605,0.656055790001119,0.09835846277482893,0.034600165,0.003158808,10.953551149674182,AMD Radeon RX 6600 (gfx1032)
research_benchmark_pack_v1,quest_xor_12q_research_perf,xor,12,12,12,n_qubits,,0,quest_cpu_full_state_exact,quest_gpu_full_state_exact,performance_compute,none,native_status_gate_counts,True,0.12660041600247496,0.527292637998471,0.24009517083916135,0.104379703,0.054705143,1.908041863632456,AMD Radeon RX 6600 (gfx1032)
research_benchmark_pack_v1,quest_xor_12q_research_perf,xor,12,12,12,n_qubits,,1,quest_cpu_full_state_exact,quest_gpu_full_state_exact,performance_compute,none,native_status_gate_counts,True,0.08527916000093683,0.534035265998682,0.15968825549649618,0.064049905,0.05303812,1.2076201984534898,AMD Radeon RX 6600 (gfx1032)
research_benchmark_pack_v1,quest_xor_12q_research_perf,xor,12,12,12,n_qubits,,2,quest_cpu_full_state_exact,quest_gpu_full_state_exact,performance_compute,none,native_status_gate_counts,True,0.029584223997517256,0.5261920840021048,0.05622324032795392,0.022823617,0.053232908,0.4287501445534405,AMD Radeon RX 6600 (gfx1032)
research_benchmark_pack_v1,quest_xor_12q_research_perf,xor,12,12,12,n_qubits,,3,quest_cpu_full_state_exact,quest_gpu_full_state_exact,performance_compute,none,native_status_gate_counts,True,0.023628644001291832,0.5428044830005092,0.04353067216887681,0.018357003,0.05368495,0.3419394634809197,AMD Radeon RX 6600 (gfx1032)
research_benchmark_pack_v1,quest_xor_12q_research_perf,xor,12,12,12,n_qubits,,4,quest_cpu_full_state_exact,quest_gpu_full_state_exact,performance_compute,none,native_status_gate_counts,True,0.04738574900329695,0.5385848000005353,0.08798196496308446,0.025255629,0.052243948,0.4834173137144996,AMD Radeon RX 6600 (gfx1032)
research_benchmark_pack_v1,quest_xor_14q_research_perf,xor,14,14,14,n_qubits,,0,quest_cpu_full_state_exact,quest_gpu_full_state_exact,performance_compute,none,native_status_gate_counts,True,0.03871659700234886,0.5737781209973036,0.06747660042361707,0.033053127,0.062994957,0.5246948100940841,AMD Radeon RX 6600 (gfx1032)
research_benchmark_pack_v1,quest_xor_14q_research_perf,xor,14,14,14,n_qubits,,1,quest_cpu_full_state_exact,quest_gpu_full_state_exact,performance_compute,none,native_status_gate_counts,True,0.05287971700090566,0.5545381729971268,0.09535811883806895,0.031473661,0.061776161,0.5094790691185876,AMD Radeon RX 6600 (gfx1032)
research_benchmark_pack_v1,quest_xor_14q_research_perf,xor,14,14,14,n_qubits,,2,quest_cpu_full_state_exact,quest_gpu_full_state_exact,performance_compute,none,native_status_gate_counts,True,0.08019742800024687,0.54391954699895,0.14744354830182577,0.074453747,0.063542128,1.1717225932376705,AMD Radeon RX 6600 (gfx1032)
research_benchmark_pack_v1,quest_xor_14q_research_perf,xor,14,14,14,n_qubits,,3,quest_cpu_full_state_exact,quest_gpu_full_state_exact,performance_compute,none,native_status_gate_counts,True,0.031057156000315445,0.5377637879973918,0.05775241229233917,0.02540064,0.062146902,0.40871932763438473,AMD Radeon RX 6600 (gfx1032)
research_benchmark_pack_v1,quest_xor_14q_research_perf,xor,14,14,14,n_qubits,,4,quest_cpu_full_state_exact,quest_gpu_full_state_exact,performance_compute,none,native_status_gate_counts,True,0.029402718999335775,0.5369853140000487,0.054755164122296855,0.02401549,0.062366009,0.38507338188018414,AMD Radeon RX 6600 (gfx1032)
research_benchmark_pack_v1,quest_xor_16q_research_correctness,xor,16,16,16,n_qubits,,0,quest_cpu_full_state_exact,quest_gpu_full_state_exact,correctness_wall_and_compute,full_dump,full_statevector,False,0.09474658299950534,3.5960495179970167,0.026347407766586804,0.002526335,0.004736185,0.533411384901561,AMD Radeon RX 6600 (gfx1032)
research_benchmark_pack_v1,quest_xor_16q_research_perf,xor,16,16,16,n_qubits,,0,quest_cpu_full_state_exact,quest_gpu_full_state_exact,performance_compute,none,native_status_gate_counts,True,0.0780199820001144,0.5608365080006479,0.1391135935109707,0.072124637,0.076610088,0.9414509091805247,AMD Radeon RX 6600 (gfx1032)
research_benchmark_pack_v1,quest_xor_16q_research_perf,xor,16,16,16,n_qubits,,1,quest_cpu_full_state_exact,quest_gpu_full_state_exact,performance_compute,none,native_status_gate_counts,True,0.15922837899779552,0.5637032430022373,0.2824684458967421,0.153229798,0.07405901,2.0690230398705034,AMD Radeon RX 6600 (gfx1032)
research_benchmark_pack_v1,quest_xor_16q_research_perf,xor,16,16,16,n_qubits,,2,quest_cpu_full_state_exact,quest_gpu_full_state_exact,performance_compute,none,native_status_gate_counts,True,0.06095657699916046,0.54027304599731,0.11282550082919363,0.054897182,0.076843023,0.7144068499231219,AMD Radeon RX 6600 (gfx1032)
research_benchmark_pack_v1,quest_xor_16q_research_perf,xor,16,16,16,n_qubits,,3,quest_cpu_full_state_exact,quest_gpu_full_state_exact,performance_compute,none,native_status_gate_counts,True,0.0501203429994348,0.5612335959995107,0.08930388942624613,0.044301953,0.080930948,0.5474043501875203,AMD Radeon RX 6600 (gfx1032)
research_benchmark_pack_v1,quest_xor_16q_research_perf,xor,16,16,16,n_qubits,,4,quest_cpu_full_state_exact,quest_gpu_full_state_exact,performance_compute,none,native_status_gate_counts,True,0.07647697200081893,0.5468946580003831,0.13983857929869442,0.05570881,0.076493025,0.7282861411220173,AMD Radeon RX 6600 (gfx1032)
research_benchmark_pack_v1,quest_xor_4q_research_correctness,xor,4,4,4,n_qubits,,0,quest_cpu_full_state_exact,quest_gpu_full_state_exact,correctness_wall_and_compute,full_dump,full_statevector,False,0.005436863997601904,0.04435549700065167,0.12257475093835667,0.000267474,0.00028801,0.9286969202458248,AMD Radeon RX 6600 (gfx1032)
research_benchmark_pack_v1,quest_xor_4q_research_perf,xor,4,4,4,n_qubits,,0,quest_cpu_full_state_exact,quest_gpu_full_state_exact,performance_compute,none,native_status_gate_counts,True,0.0088953689992195,0.047376848000567406,0.18775772079883754,0.003485807,0.002407074,1.4481511577957304,AMD Radeon RX 6600 (gfx1032)
research_benchmark_pack_v1,quest_xor_4q_research_perf,xor,4,4,4,n_qubits,,1,quest_cpu_full_state_exact,quest_gpu_full_state_exact,performance_compute,none,native_status_gate_counts,True,0.021884531000978313,0.04952482500084443,0.44189012279407686,0.005885368,0.00366807,1.6044862829771516,AMD Radeon RX 6600 (gfx1032)
research_benchmark_pack_v1,quest_xor_4q_research_perf,xor,4,4,4,n_qubits,,2,quest_cpu_full_state_exact,quest_gpu_full_state_exact,performance_compute,none,native_status_gate_counts,True,0.008663412001624238,0.049791847999586025,0.1739925780962431,0.003458516,0.004339933,0.7969053900140856,AMD Radeon RX 6600 (gfx1032)
research_benchmark_pack_v1,quest_xor_4q_research_perf,xor,4,4,4,n_qubits,,3,quest_cpu_full_state_exact,quest_gpu_full_state_exact,performance_compute,none,native_status_gate_counts,True,0.015198864999547368,0.04842984200149658,0.31383263647809734,0.005274267,0.002552986,2.065920847196185,AMD Radeon RX 6600 (gfx1032)
research_benchmark_pack_v1,quest_xor_4q_research_perf,xor,4,4,4,n_qubits,,4,quest_cpu_full_state_exact,quest_gpu_full_state_exact,performance_compute,none,native_status_gate_counts,True,0.008671406001667492,0.04866333100289921,0.17819178882659875,0.003433389,0.003682137,0.93244466460645,AMD Radeon RX 6600 (gfx1032)
research_benchmark_pack_v1,quest_xor_6q_research_perf,xor,6,6,6,n_qubits,,0,quest_cpu_full_state_exact,quest_gpu_full_state_exact,performance_compute,none,native_status_gate_counts,True,0.01110065300235874,0.053268467003363185,0.20839069766467813,0.005417357,0.006200075,0.8737566884271561,AMD Radeon RX 6600 (gfx1032)
research_benchmark_pack_v1,quest_xor_6q_research_perf,xor,6,6,6,n_qubits,,1,quest_cpu_full_state_exact,quest_gpu_full_state_exact,performance_compute,none,native_status_gate_counts,True,0.010875177998968866,0.049484037001093384,0.2197714385899552,0.005398871,0.006173134,0.874575377757878,AMD Radeon RX 6600 (gfx1032)
research_benchmark_pack_v1,quest_xor_6q_research_perf,xor,6,6,6,n_qubits,,2,quest_cpu_full_state_exact,quest_gpu_full_state_exact,performance_compute,none,native_status_gate_counts,True,0.010705329001211794,0.049671941000269726,0.21552064980012886,0.005435029,0.003839016,1.4157349174892733,AMD Radeon RX 6600 (gfx1032)
research_benchmark_pack_v1,quest_xor_6q_research_perf,xor,6,6,6,n_qubits,,3,quest_cpu_full_state_exact,quest_gpu_full_state_exact,performance_compute,none,native_status_gate_counts,True,0.010606293002638267,0.05182209199847421,0.20466740329492195,0.005319532,0.006166935,0.8625892765206703,AMD Radeon RX 6600 (gfx1032)
research_benchmark_pack_v1,quest_xor_6q_research_perf,xor,6,6,6,n_qubits,,4,quest_cpu_full_state_exact,quest_gpu_full_state_exact,performance_compute,none,native_status_gate_counts,True,0.010767245999886654,0.050737217999994755,0.212215931900085,0.005378763,0.006250143,0.8605823898749198,AMD Radeon RX 6600 (gfx1032)
research_benchmark_pack_v1,quest_xor_8q_research_correctness,xor,8,8,8,n_qubits,,0,quest_cpu_full_state_exact,quest_gpu_full_state_exact,correctness_wall_and_compute,full_dump,full_statevector,False,0.07191471300029662,0.049146301000291714,1.463278243460678,0.042740018,0.000643969,66.36968239154369,AMD Radeon RX 6600 (gfx1032)
research_benchmark_pack_v1,quest_xor_8q_research_perf,xor,8,8,8,n_qubits,,0,quest_cpu_full_state_exact,quest_gpu_full_state_exact,performance_compute,none,native_status_gate_counts,True,0.014102959998126607,0.06117888999870047,0.23052003719626452,0.008980679,0.016258001,0.5523851917588146,AMD Radeon RX 6600 (gfx1032)
research_benchmark_pack_v1,quest_xor_8q_research_perf,xor,8,8,8,n_qubits,,1,quest_cpu_full_state_exact,quest_gpu_full_state_exact,performance_compute,none,native_status_gate_counts,True,0.020107672000449384,0.05450160899999901,0.3689372179902019,0.014799111,0.009546995,1.5501328952199094,AMD Radeon RX 6600 (gfx1032)
research_benchmark_pack_v1,quest_xor_8q_research_perf,xor,8,8,8,n_qubits,,2,quest_cpu_full_state_exact,quest_gpu_full_state_exact,performance_compute,none,native_status_gate_counts,True,0.014470702000835445,0.06186020300083328,0.23392587316017244,0.009142073,0.016541958,0.5526596670116077,AMD Radeon RX 6600 (gfx1032)
research_benchmark_pack_v1,quest_xor_8q_research_perf,xor,8,8,8,n_qubits,,3,quest_cpu_full_state_exact,quest_gpu_full_state_exact,performance_compute,none,native_status_gate_counts,True,0.016047563000029186,0.05510788100218633,0.291202686588376,0.010903121,0.010559797,1.032512367425245,AMD Radeon RX 6600 (gfx1032)
research_benchmark_pack_v1,quest_xor_8q_research_perf,xor,8,8,8,n_qubits,,4,quest_cpu_full_state_exact,quest_gpu_full_state_exact,performance_compute,none,native_status_gate_counts,True,0.014665638998849317,0.054982915997243254,0.26673083325709074,0.009264424,0.010047913,0.9220247030403229,AMD Radeon RX 6600 (gfx1032)
