algo,paper_algo,result_label,input_qubits,allocated_qubits,depth,threads,status,success_count,fail_count,skipped_count,repeat_count,time_median_s,time_mean_s,time_min_s,time_max_s,time_stdev_s,energy_median_j,energy_mean_j,energy_min_j,energy_max_j,energy_stdev_j,energy_source,one_qubit_gates,two_qubit_gates
BB84,BB_n,BB84/BB_n,4,4,0,1,ok,3,0,0,3,6.7857e-05,6.792033333333333e-05,6.7396e-05,6.8508e-05,5.586987858706451e-07,0.0,0.0,0.0,0.0,0.0,rapl_measured,8,0
BB84,BB_n,BB84/BB_n,6,6,0,1,ok,3,0,0,3,8.7734e-05,9.63e-05,8.5079e-05,0.000116087,1.7187387323267026e-05,0.040251,0.027896666666666667,0.0,0.043439,0.024211750129499793,rapl_measured,12,0
BB84,BB_n,BB84/BB_n,8,8,0,1,ok,3,0,0,3,0.000111138,0.00011261666666666666,0.000111067,0.000115645,2.6228538528353636e-06,0.0,0.0,0.0,0.0,0.0,rapl_measured,16,0
BB84,BB_n,BB84/BB_n,10,10,0,1,ok,3,0,0,3,0.000149609,0.00015033066666666667,0.000147896,0.000153487,2.864510836658384e-06,0.0,0.0,0.0,0.0,0.0,rapl_measured,20,0
BB84,BB_n,BB84/BB_n,12,12,0,1,ok,3,0,0,3,0.000281245,0.00028308533333333335,0.000278049,0.000289962,6.1660370038893986e-06,0.044309,0.030048333333333333,0.0,0.045836,0.026033818089810288,rapl_measured,24,0
BB84,BB_n,BB84/BB_n,14,14,0,1,ok,3,0,0,3,0.000822736,0.0008247096666666666,0.000817045,0.000834348,8.818728498674457e-06,0.045896,0.04616066666666667,0.045286,0.0473,0.0010327561829073383,rapl_measured,28,0
BB84,BB_n,BB84/BB_n,16,16,0,1,ok,3,0,0,3,0.003249136,0.0032528830000000002,0.003231072,0.003278441,2.3905763886560813e-05,0.134804,0.13386333333333333,0.124673,0.142113,0.008757970103473362,rapl_measured,32,0
BV,BV_n,BV/BV_n,4,4,0,1,ok,3,0,0,3,8.7192e-05,8.8415e-05,8.6121e-05,9.1932e-05,3.0925276069907613e-06,0.0,0.0,0.0,0.0,0.0,rapl_measured,8,3
BV,BV_n,BV/BV_n,6,6,0,1,ok,3,0,0,3,0.000120675,0.00011931633333333334,0.000116528,0.000120746,2.4150284332349634e-06,0.0,0.017048,0.0,0.051144,0.02952800216743422,rapl_measured,12,5
BV,BV_n,BV/BV_n,8,8,0,1,ok,3,0,0,3,0.000151292,0.000153874,0.000148668,0.000161662,6.871029908245198e-06,0.0,0.0,0.0,0.0,0.0,rapl_measured,16,7
BV,BV_n,BV/BV_n,10,10,0,1,ok,3,0,0,3,0.00020914,0.000209391,0.000207157,0.000211876,2.369491717647483e-06,0.0,0.0,0.0,0.0,0.0,rapl_measured,20,9
BV,BV_n,BV/BV_n,12,12,0,1,ok,3,0,0,3,0.000381502,0.00038389699999999996,0.000377305,0.000392884,8.060913657892631e-06,0.0,0.014957666666666668,0.0,0.044873,0.025907438629346077,rapl_measured,24,11
BV,BV_n,BV/BV_n,14,14,0,1,ok,3,0,0,3,0.001078323,0.0010855633333333333,0.001074546,0.001103821,1.59239827409268e-05,0.042814,0.043922666666666665,0.041563,0.047391,0.003068102399421072,rapl_measured,28,13
BV,BV_n,BV/BV_n,16,16,0,1,ok,3,0,0,3,0.004207755,0.00421551,0.004203818,0.004234957,1.6956248081459755e-05,0.183218,0.17827433333333334,0.167289,0.184316,0.009529405140581095,rapl_measured,32,15
EDC,EDC_n,EDC/EDC_n,4,4,0,1,ok,3,0,0,3,0.000107601,0.00010835233333333333,0.00010709,0.000110366,1.762503995267333e-06,0.0,0.0,0.0,0.0,0.0,rapl_measured,8,6
EDC,EDC_n,EDC/EDC_n,6,6,0,1,ok,3,0,0,3,0.000152796,0.000155163,0.000151583,0.00016111,5.185841204664876e-06,0.0,0.015237666666666665,0.0,0.045713,0.026392412855465362,rapl_measured,12,10
EDC,EDC_n,EDC/EDC_n,8,8,0,1,ok,3,0,0,3,0.000201196,0.000201767,0.000199633,0.000204472,2.4695163494093326e-06,0.0,0.015156000000000001,0.0,0.045468,0.026250962039513905,rapl_measured,16,14
EDC,EDC_n,EDC/EDC_n,10,10,0,1,ok,3,0,0,3,0.000277658,0.0002769136666666667,0.000274112,0.000278971,2.513562080660283e-06,0.0,0.015161333333333332,0.0,0.045484,0.026260199643820935,rapl_measured,20,18
EDC,EDC_n,EDC/EDC_n,12,12,0,1,ok,3,0,0,3,0.000496978,0.0004999233333333334,0.000493922,0.00050887,7.897272778202182e-06,0.048384,0.04923266666666667,0.047727,0.051587,0.0020652061236916125,rapl_measured,24,22
EDC,EDC_n,EDC/EDC_n,14,14,0,1,ok,3,0,0,3,0.001352124,0.0013515663333333334,0.001346323,0.001356252,4.987935879031904e-06,0.04254,0.04307366666666667,0.041868,0.044813,0.0015433263858734897,rapl_measured,28,26
EDC,EDC_n,EDC/EDC_n,16,16,0,1,ok,3,0,0,3,0.005409199,0.0058840486666666665,0.005215627,0.00702732,0.000994821358844056,0.26616,0.267274,0.20789,0.327772,0.059948763356719885,rapl_measured,32,30
HS,HS_2n,HS/HS_2n,2,4,0,1,ok,3,0,0,3,0.000113051,0.00011384566666666666,0.00011276,0.000115726,1.6349037688296304e-06,0.0,0.0,0.0,0.0,0.0,rapl_measured,12,4
HS,HS_2n,HS/HS_2n,3,6,0,1,ok,3,0,0,3,0.000151914,0.000153433,0.000149649,0.000158736,4.730107081240345e-06,0.0,0.013768,0.0,0.041304,0.023846875518608302,rapl_measured,18,6
HS,HS_2n,HS/HS_2n,4,8,0,1,ok,3,0,0,3,0.000199673,0.00019815666666666667,0.000194603,0.000200194,3.0885709208844997e-06,0.0,0.015680333333333334,0.0,0.047041,0.027159134012949185,rapl_measured,24,8
HS,HS_2n,HS/HS_2n,5,10,0,1,ok,3,0,0,3,0.000283579,0.00028177266666666665,0.000276176,0.000285563,4.947329818531754e-06,0.0,0.015431,0.0,0.046293,0.026727276011595344,rapl_measured,30,10
HS,HS_2n,HS/HS_2n,6,12,0,1,ok,3,0,0,3,0.000521634,0.0005205253333333334,0.000517015,0.000522927,3.1080206455770517e-06,0.0,0.016473666666666668,0.0,0.049421,0.028533227653620496,rapl_measured,36,12
HS,HS_2n,HS/HS_2n,7,14,0,1,ok,3,0,0,3,0.001491715,0.0014927403333333334,0.001487337,0.001499169,5.982268577499138e-06,0.091853,0.08087766666666667,0.047803,0.102977,0.02917851993047854,rapl_measured,42,14
HS,HS_2n,HS/HS_2n,8,16,0,1,ok,3,0,0,3,0.005947594,0.005933705,0.005903011,0.00595051,2.662173906791224e-05,0.297592,0.29400633333333337,0.285065,0.299362,0.00779383130003039,rapl_measured,48,16
QRNG,QRNG_n,QRNG/QRNG_n,4,4,0,1,ok,3,0,0,3,4.9192e-05,4.9502333333333335e-05,4.9101e-05,5.0214e-05,6.179986515627121e-07,0.0,0.0,0.0,0.0,0.0,rapl_measured,4,0
QRNG,QRNG_n,QRNG/QRNG_n,6,6,0,1,ok,3,0,0,3,5.6705e-05,5.820166666666667e-05,5.6655e-05,6.1245e-05,2.6357225448315564e-06,0.0,0.0,0.0,0.0,0.0,rapl_measured,6,0
QRNG,QRNG_n,QRNG/QRNG_n,8,8,0,1,ok,3,0,0,3,6.7305e-05,6.685166666666667e-05,6.5703e-05,6.7547e-05,1.0021064481048519e-06,0.0,0.0,0.0,0.0,0.0,rapl_measured,8,0
QRNG,QRNG_n,QRNG/QRNG_n,10,10,0,1,ok,3,0,0,3,8.6201e-05,8.6338e-05,8.594e-05,8.6873e-05,4.813512231209208e-07,0.0,0.0,0.0,0.0,0.0,rapl_measured,10,0
QRNG,QRNG_n,QRNG/QRNG_n,12,12,0,1,ok,3,0,0,3,0.000152946,0.00015333633333333333,0.000149308,0.000157755,4.237006293756646e-06,0.0,0.0,0.0,0.0,0.0,rapl_measured,12,0
QRNG,QRNG_n,QRNG/QRNG_n,14,14,0,1,ok,3,0,0,3,0.000422138,0.0004208486666666667,0.000414624,0.000425784,5.690622578710827e-06,0.0,0.016814333333333334,0.0,0.050443,0.029123279628732294,rapl_measured,14,0
QRNG,QRNG_n,QRNG/QRNG_n,16,16,0,1,ok,3,0,0,3,0.001635915,0.0016343183333333332,0.001630755,0.001636285,3.091477532399844e-06,0.086482,0.086635,0.083324,0.090099,0.003390090411773705,rapl_measured,16,0
XOR,XOR_n,XOR/XOR_n,4,4,0,1,ok,3,0,0,3,4.9122e-05,4.9302e-05,4.9001e-05,4.9783e-05,4.2092873506093636e-07,0.0,0.0,0.0,0.0,0.0,rapl_measured,0,3
XOR,XOR_n,XOR/XOR_n,6,6,0,1,ok,3,0,0,3,6.1515e-05,6.318766666666667e-05,6.1414e-05,6.6634e-05,2.985039419058537e-06,0.0,0.0,0.0,0.0,0.0,rapl_measured,0,5
XOR,XOR_n,XOR/XOR_n,8,8,0,1,ok,3,0,0,3,7.495e-05,7.591533333333333e-05,7.481e-05,7.7986e-05,1.7946156505874234e-06,0.0,0.0,0.0,0.0,0.0,rapl_measured,0,7
XOR,XOR_n,XOR/XOR_n,10,10,0,1,ok,3,0,0,3,9.4426e-05,9.658333333333333e-05,9.3254e-05,0.00010207,4.787591182769616e-06,0.0,0.015593666666666667,0.0,0.046781,0.027009022942959884,rapl_measured,0,9
XOR,XOR_n,XOR/XOR_n,12,12,0,1,ok,3,0,0,3,0.000137587,0.00013776033333333333,0.000137076,0.000138618,7.854771373715011e-07,0.0,0.0,0.0,0.0,0.0,rapl_measured,0,11
XOR,XOR_n,XOR/XOR_n,14,14,0,1,ok,3,0,0,3,0.000302305,0.00030204433333333333,0.000298708,0.00030512,3.2139378235014477e-06,0.046293,0.04484866666666667,0.041563,0.04669,0.0028523860771875412,rapl_measured,0,13
XOR,XOR_n,XOR/XOR_n,16,16,0,1,ok,3,0,0,3,0.000994918,0.0010074243333333334,0.000994557,0.001032798,2.197498123624523e-05,0.045774,0.044055333333333335,0.0399,0.046492,0.003616486877251643,rapl_measured,0,15
